hero_id,hero_name,role,rank,input,region,winrate,pickrate,banrate
anran,Anran,DAMAGE,Bronze,PC,Americas,51.7,10.6,28.0
ashe,Ashe,DAMAGE,Bronze,PC,Americas,50.2,9.9,0.6
bastion,Bastion,DAMAGE,Bronze,PC,Americas,47.5,18.9,3.9
cassidy,Cassidy,DAMAGE,Bronze,PC,Americas,50.0,8.8,0.9
echo,Echo,DAMAGE,Bronze,PC,Americas,47.0,4.3,0.7
emre,Emre,DAMAGE,Bronze,PC,Americas,47.6,6.8,0.1
freja,Freja,DAMAGE,Bronze,PC,Americas,46.7,5.9,2.4
genji,Genji,DAMAGE,Bronze,PC,Americas,51.8,7.2,3.3
hanzo,Hanzo,DAMAGE,Bronze,PC,Americas,50.0,7.7,0.6
junkrat,Junkrat,DAMAGE,Bronze,PC,Americas,49.7,13.7,7.6
mei,Mei,DAMAGE,Bronze,PC,Americas,51.5,9.1,10.1
pharah,Pharah,DAMAGE,Bronze,PC,Americas,48.8,4.9,8.7
reaper,Reaper,DAMAGE,Bronze,PC,Americas,51.9,9.8,2.5
shion,Shion,DAMAGE,Bronze,PC,Americas,49.8,10.3,1.3
sierra,Sierra,DAMAGE,Bronze,PC,Americas,51.0,17.9,30.1
sojourn,Sojourn,DAMAGE,Bronze,PC,Americas,43.2,10.5,0.3
soldier-76,Soldier: 76,DAMAGE,Bronze,PC,Americas,48.5,15.3,0.6
sombra,Sombra,DAMAGE,Bronze,PC,Americas,50.0,2.1,72.3
symmetra,Symmetra,DAMAGE,Bronze,PC,Americas,48.2,2.9,3.4
torbjorn,Torbjörn,DAMAGE,Bronze,PC,Americas,53.5,6.1,0.9
tracer,Tracer,DAMAGE,Bronze,PC,Americas,50.5,4.7,8.5
vendetta,Vendetta,DAMAGE,Bronze,PC,Americas,55.7,4.8,5.9
venture,Venture,DAMAGE,Bronze,PC,Americas,52.0,2.2,0.4
widowmaker,Widowmaker,DAMAGE,Bronze,PC,Americas,48.3,5.7,9.1
anran,Anran,DAMAGE,Bronze,PC,Europe,53.3,9.8,23.8
ashe,Ashe,DAMAGE,Bronze,PC,Europe,51.8,11.0,1.0
bastion,Bastion,DAMAGE,Bronze,PC,Europe,48.8,17.9,4.7
cassidy,Cassidy,DAMAGE,Bronze,PC,Europe,51.0,9.1,1.0
echo,Echo,DAMAGE,Bronze,PC,Europe,46.3,3.9,0.8
emre,Emre,DAMAGE,Bronze,PC,Europe,49.5,5.3,0.4
freja,Freja,DAMAGE,Bronze,PC,Europe,48.0,5.5,1.7
genji,Genji,DAMAGE,Bronze,PC,Europe,51.8,7.8,6.6
hanzo,Hanzo,DAMAGE,Bronze,PC,Europe,49.8,10.2,1.3
junkrat,Junkrat,DAMAGE,Bronze,PC,Europe,50.3,13.7,8.6
mei,Mei,DAMAGE,Bronze,PC,Europe,52.9,6.9,5.9
pharah,Pharah,DAMAGE,Bronze,PC,Europe,49.8,4.8,18.7
reaper,Reaper,DAMAGE,Bronze,PC,Europe,53.1,9.1,2.7
shion,Shion,DAMAGE,Bronze,PC,Europe,49.0,10.3,1.1
sierra,Sierra,DAMAGE,Bronze,PC,Europe,49.6,19.8,23.2
sojourn,Sojourn,DAMAGE,Bronze,PC,Europe,44.5,10.8,0.3
soldier-76,Soldier: 76,DAMAGE,Bronze,PC,Europe,48.3,15.4,0.9
sombra,Sombra,DAMAGE,Bronze,PC,Europe,47.3,2.7,61.5
symmetra,Symmetra,DAMAGE,Bronze,PC,Europe,47.9,2.7,1.2
torbjorn,Torbjörn,DAMAGE,Bronze,PC,Europe,48.7,5.5,0.6
tracer,Tracer,DAMAGE,Bronze,PC,Europe,46.7,4.7,7.1
vendetta,Vendetta,DAMAGE,Bronze,PC,Europe,55.9,4.2,5.9
venture,Venture,DAMAGE,Bronze,PC,Europe,52.6,1.5,0.5
widowmaker,Widowmaker,DAMAGE,Bronze,PC,Europe,46.7,7.3,20.4
anran,Anran,DAMAGE,Bronze,PC,Asia,51.5,12.4,9.3
ashe,Ashe,DAMAGE,Bronze,PC,Asia,49.8,10.4,0.5
bastion,Bastion,DAMAGE,Bronze,PC,Asia,49.3,14.3,1.8
cassidy,Cassidy,DAMAGE,Bronze,PC,Asia,48.3,15.1,0.8
echo,Echo,DAMAGE,Bronze,PC,Asia,47.9,3.0,0.5
emre,Emre,DAMAGE,Bronze,PC,Asia,47.8,7.2,0.1
freja,Freja,DAMAGE,Bronze,PC,Asia,48.0,4.9,28.7
genji,Genji,DAMAGE,Bronze,PC,Asia,50.8,6.7,1.1
hanzo,Hanzo,DAMAGE,Bronze,PC,Asia,48.9,4.4,0.2
junkrat,Junkrat,DAMAGE,Bronze,PC,Asia,49.7,6.3,0.8
mei,Mei,DAMAGE,Bronze,PC,Asia,50.9,7.5,2.5
pharah,Pharah,DAMAGE,Bronze,PC,Asia,53.5,3.2,68.1
reaper,Reaper,DAMAGE,Bronze,PC,Asia,51.9,11.5,2.0
shion,Shion,DAMAGE,Bronze,PC,Asia,50.7,11.8,0.9
sierra,Sierra,DAMAGE,Bronze,PC,Asia,50.6,24.6,5.0
sojourn,Sojourn,DAMAGE,Bronze,PC,Asia,43.7,15.2,0.3
soldier-76,Soldier: 76,DAMAGE,Bronze,PC,Asia,47.1,12.5,0.2
sombra,Sombra,DAMAGE,Bronze,PC,Asia,49.9,2.5,46.4
symmetra,Symmetra,DAMAGE,Bronze,PC,Asia,55.1,3.4,3.7
torbjorn,Torbjörn,DAMAGE,Bronze,PC,Asia,53.8,5.7,0.4
tracer,Tracer,DAMAGE,Bronze,PC,Asia,49.2,6.1,4.9
vendetta,Vendetta,DAMAGE,Bronze,PC,Asia,54.4,5.3,10.0
venture,Venture,DAMAGE,Bronze,PC,Asia,49.7,1.5,0.1
widowmaker,Widowmaker,DAMAGE,Bronze,PC,Asia,46.7,4.4,1.7
anran,Anran,DAMAGE,Bronze,Console,Americas,51.3,9.0,8.6
ashe,Ashe,DAMAGE,Bronze,Console,Americas,50.0,13.9,1.0
bastion,Bastion,DAMAGE,Bronze,Console,Americas,49.8,20.9,6.8
cassidy,Cassidy,DAMAGE,Bronze,Console,Americas,50.8,7.3,0.6
echo,Echo,DAMAGE,Bronze,Console,Americas,45.8,5.1,0.6
emre,Emre,DAMAGE,Bronze,Console,Americas,49.6,8.7,0.1
freja,Freja,DAMAGE,Bronze,Console,Americas,46.7,8.1,1.4
genji,Genji,DAMAGE,Bronze,Console,Americas,51.4,5.8,2.4
hanzo,Hanzo,DAMAGE,Bronze,Console,Americas,49.2,9.0,0.9
junkrat,Junkrat,DAMAGE,Bronze,Console,Americas,48.8,9.5,4.6
mei,Mei,DAMAGE,Bronze,Console,Americas,50.6,7.4,8.8
pharah,Pharah,DAMAGE,Bronze,Console,Americas,46.2,3.5,1.8
reaper,Reaper,DAMAGE,Bronze,Console,Americas,52.4,8.2,3.7
shion,Shion,DAMAGE,Bronze,Console,Americas,48.2,9.3,1.3
sierra,Sierra,DAMAGE,Bronze,Console,Americas,50.7,18.6,38.4
sojourn,Sojourn,DAMAGE,Bronze,Console,Americas,45.0,11.5,0.6
soldier-76,Soldier: 76,DAMAGE,Bronze,Console,Americas,51.1,14.4,1.3
sombra,Sombra,DAMAGE,Bronze,Console,Americas,55.3,2.0,86.6
symmetra,Symmetra,DAMAGE,Bronze,Console,Americas,52.6,3.6,13.9
torbjorn,Torbjörn,DAMAGE,Bronze,Console,Americas,54.5,6.9,2.2
tracer,Tracer,DAMAGE,Bronze,Console,Americas,50.4,4.2,14.5
vendetta,Vendetta,DAMAGE,Bronze,Console,Americas,55.8,3.3,1.3
venture,Venture,DAMAGE,Bronze,Console,Americas,52.0,1.7,0.4
widowmaker,Widowmaker,DAMAGE,Bronze,Console,Americas,45.6,8.0,19.8
anran,Anran,DAMAGE,Bronze,Console,Europe,50.3,7.7,3.6
ashe,Ashe,DAMAGE,Bronze,Console,Europe,48.2,15.8,1.8
bastion,Bastion,DAMAGE,Bronze,Console,Europe,52.3,19.4,10.0
cassidy,Cassidy,DAMAGE,Bronze,Console,Europe,49.5,9.0,0.6
echo,Echo,DAMAGE,Bronze,Console,Europe,43.8,4.5,0.6
emre,Emre,DAMAGE,Bronze,Console,Europe,48.7,8.3,0.2
freja,Freja,DAMAGE,Bronze,Console,Europe,44.6,7.3,1.3
genji,Genji,DAMAGE,Bronze,Console,Europe,50.5,6.1,4.0
hanzo,Hanzo,DAMAGE,Bronze,Console,Europe,52.5,9.0,1.0
junkrat,Junkrat,DAMAGE,Bronze,Console,Europe,47.3,9.1,3.9
mei,Mei,DAMAGE,Bronze,Console,Europe,53.4,5.5,2.3
pharah,Pharah,DAMAGE,Bronze,Console,Europe,48.6,3.2,5.3
reaper,Reaper,DAMAGE,Bronze,Console,Europe,53.4,8.9,3.7
shion,Shion,DAMAGE,Bronze,Console,Europe,48.9,9.4,0.6
sierra,Sierra,DAMAGE,Bronze,Console,Europe,50.5,22.8,26.4
sojourn,Sojourn,DAMAGE,Bronze,Console,Europe,48.0,13.5,0.8
soldier-76,Soldier: 76,DAMAGE,Bronze,Console,Europe,50.7,14.5,2.5
sombra,Sombra,DAMAGE,Bronze,Console,Europe,48.8,2.2,81.2
symmetra,Symmetra,DAMAGE,Bronze,Console,Europe,51.7,2.5,3.4
torbjorn,Torbjörn,DAMAGE,Bronze,Console,Europe,55.1,6.5,1.2
tracer,Tracer,DAMAGE,Bronze,Console,Europe,49.8,3.9,13.1
vendetta,Vendetta,DAMAGE,Bronze,Console,Europe,56.4,2.0,0.6
venture,Venture,DAMAGE,Bronze,Console,Europe,57.1,1.1,0.1
widowmaker,Widowmaker,DAMAGE,Bronze,Console,Europe,41.1,7.7,46.6
anran,Anran,DAMAGE,Bronze,Console,Asia,54.1,8.9,3.5
ashe,Ashe,DAMAGE,Bronze,Console,Asia,49.1,15.4,0.9
bastion,Bastion,DAMAGE,Bronze,Console,Asia,49.4,19.1,2.2
cassidy,Cassidy,DAMAGE,Bronze,Console,Asia,48.1,7.8,1.0
echo,Echo,DAMAGE,Bronze,Console,Asia,47.0,3.0,0.9
emre,Emre,DAMAGE,Bronze,Console,Asia,44.3,6.8,0.3
freja,Freja,DAMAGE,Bronze,Console,Asia,47.3,5.8,6.8
genji,Genji,DAMAGE,Bronze,Console,Asia,49.6,4.9,1.6
hanzo,Hanzo,DAMAGE,Bronze,Console,Asia,50.2,4.2,0.2
junkrat,Junkrat,DAMAGE,Bronze,Console,Asia,51.0,6.7,1.2
mei,Mei,DAMAGE,Bronze,Console,Asia,52.1,7.2,2.0
pharah,Pharah,DAMAGE,Bronze,Console,Asia,48.1,3.9,6.2
reaper,Reaper,DAMAGE,Bronze,Console,Asia,55.6,10.3,2.4
shion,Shion,DAMAGE,Bronze,Console,Asia,47.7,10.4,0.8
sierra,Sierra,DAMAGE,Bronze,Console,Asia,51.2,29.9,16.0
sojourn,Sojourn,DAMAGE,Bronze,Console,Asia,43.0,15.9,0.4
soldier-76,Soldier: 76,DAMAGE,Bronze,Console,Asia,53.0,13.4,0.3
sombra,Sombra,DAMAGE,Bronze,Console,Asia,54.9,1.3,89.9
symmetra,Symmetra,DAMAGE,Bronze,Console,Asia,52.2,3.4,13.9
torbjorn,Torbjörn,DAMAGE,Bronze,Console,Asia,53.8,7.0,1.4
tracer,Tracer,DAMAGE,Bronze,Console,Asia,50.4,4.8,32.8
vendetta,Vendetta,DAMAGE,Bronze,Console,Asia,49.4,3.3,1.2
venture,Venture,DAMAGE,Bronze,Console,Asia,44.5,1.2,0.0
widowmaker,Widowmaker,DAMAGE,Bronze,Console,Asia,44.5,5.5,2.6
anran,Anran,DAMAGE,Silver,PC,Americas,52.1,9.7,32.2
ashe,Ashe,DAMAGE,Silver,PC,Americas,50.3,10.5,0.9
bastion,Bastion,DAMAGE,Silver,PC,Americas,47.3,18.5,5.3
cassidy,Cassidy,DAMAGE,Silver,PC,Americas,48.4,11.3,1.5
echo,Echo,DAMAGE,Silver,PC,Americas,47.0,3.6,0.5
emre,Emre,DAMAGE,Silver,PC,Americas,47.9,6.3,0.2
freja,Freja,DAMAGE,Silver,PC,Americas,46.5,5.2,4.1
genji,Genji,DAMAGE,Silver,PC,Americas,52.3,7.3,3.2
hanzo,Hanzo,DAMAGE,Silver,PC,Americas,50.8,7.6,0.6
junkrat,Junkrat,DAMAGE,Silver,PC,Americas,49.9,13.3,6.9
mei,Mei,DAMAGE,Silver,PC,Americas,50.9,10.3,9.1
pharah,Pharah,DAMAGE,Silver,PC,Americas,50.2,4.7,9.5
reaper,Reaper,DAMAGE,Silver,PC,Americas,51.6,11.2,2.1
shion,Shion,DAMAGE,Silver,PC,Americas,48.4,9.0,1.1
sierra,Sierra,DAMAGE,Silver,PC,Americas,50.2,16.3,29.0
sojourn,Sojourn,DAMAGE,Silver,PC,Americas,44.1,9.3,0.3
soldier-76,Soldier: 76,DAMAGE,Silver,PC,Americas,48.3,16.6,0.6
sombra,Sombra,DAMAGE,Silver,PC,Americas,49.2,2.5,61.9
symmetra,Symmetra,DAMAGE,Silver,PC,Americas,48.7,3.2,4.0
torbjorn,Torbjörn,DAMAGE,Silver,PC,Americas,51.7,6.4,0.9
tracer,Tracer,DAMAGE,Silver,PC,Americas,50.7,4.8,5.8
vendetta,Vendetta,DAMAGE,Silver,PC,Americas,55.2,5.3,6.2
venture,Venture,DAMAGE,Silver,PC,Americas,51.1,2.3,0.5
widowmaker,Widowmaker,DAMAGE,Silver,PC,Americas,48.7,4.8,5.1
anran,Anran,DAMAGE,Silver,PC,Europe,51.1,9.2,28.9
ashe,Ashe,DAMAGE,Silver,PC,Europe,50.8,11.8,1.1
bastion,Bastion,DAMAGE,Silver,PC,Europe,47.9,18.1,7.2
cassidy,Cassidy,DAMAGE,Silver,PC,Europe,48.6,11.4,1.2
echo,Echo,DAMAGE,Silver,PC,Europe,47.7,3.2,0.6
emre,Emre,DAMAGE,Silver,PC,Europe,46.9,5.9,0.3
freja,Freja,DAMAGE,Silver,PC,Europe,46.0,5.0,3.3
genji,Genji,DAMAGE,Silver,PC,Europe,52.3,7.5,6.4
hanzo,Hanzo,DAMAGE,Silver,PC,Europe,50.5,9.5,1.3
junkrat,Junkrat,DAMAGE,Silver,PC,Europe,50.0,13.8,7.4
mei,Mei,DAMAGE,Silver,PC,Europe,51.1,8.5,6.9
pharah,Pharah,DAMAGE,Silver,PC,Europe,50.2,4.7,19.1
reaper,Reaper,DAMAGE,Silver,PC,Europe,51.9,11.2,2.4
shion,Shion,DAMAGE,Silver,PC,Europe,48.5,9.0,1.1
sierra,Sierra,DAMAGE,Silver,PC,Europe,49.7,17.4,23.9
sojourn,Sojourn,DAMAGE,Silver,PC,Europe,44.7,9.0,0.3
soldier-76,Soldier: 76,DAMAGE,Silver,PC,Europe,48.4,16.7,0.8
sombra,Sombra,DAMAGE,Silver,PC,Europe,48.3,2.7,53.3
symmetra,Symmetra,DAMAGE,Silver,PC,Europe,49.7,2.7,1.9
torbjorn,Torbjörn,DAMAGE,Silver,PC,Europe,52.2,5.6,0.8
tracer,Tracer,DAMAGE,Silver,PC,Europe,50.8,4.5,4.8
vendetta,Vendetta,DAMAGE,Silver,PC,Europe,54.7,4.9,5.9
venture,Venture,DAMAGE,Silver,PC,Europe,52.1,1.7,0.3
widowmaker,Widowmaker,DAMAGE,Silver,PC,Europe,47.7,6.1,11.1
anran,Anran,DAMAGE,Silver,PC,Asia,52.5,12.9,11.3
ashe,Ashe,DAMAGE,Silver,PC,Asia,50.2,11.2,0.4
bastion,Bastion,DAMAGE,Silver,PC,Asia,48.2,12.7,3.3
cassidy,Cassidy,DAMAGE,Silver,PC,Asia,46.9,17.9,1.3
echo,Echo,DAMAGE,Silver,PC,Asia,48.3,3.0,0.4
emre,Emre,DAMAGE,Silver,PC,Asia,48.4,6.3,0.1
freja,Freja,DAMAGE,Silver,PC,Asia,45.8,4.3,32.6
genji,Genji,DAMAGE,Silver,PC,Asia,50.3,6.4,0.8
hanzo,Hanzo,DAMAGE,Silver,PC,Asia,49.0,4.0,0.2
junkrat,Junkrat,DAMAGE,Silver,PC,Asia,51.2,6.3,0.9
mei,Mei,DAMAGE,Silver,PC,Asia,52.9,8.0,3.9
pharah,Pharah,DAMAGE,Silver,PC,Asia,52.4,3.6,61.7
reaper,Reaper,DAMAGE,Silver,PC,Asia,51.3,13.6,2.6
shion,Shion,DAMAGE,Silver,PC,Asia,48.3,10.4,0.7
sierra,Sierra,DAMAGE,Silver,PC,Asia,49.7,20.6,4.2
sojourn,Sojourn,DAMAGE,Silver,PC,Asia,43.8,12.7,0.2
soldier-76,Soldier: 76,DAMAGE,Silver,PC,Asia,48.1,12.6,0.1
sombra,Sombra,DAMAGE,Silver,PC,Asia,48.4,3.0,33.0
symmetra,Symmetra,DAMAGE,Silver,PC,Asia,53.4,4.2,7.3
torbjorn,Torbjörn,DAMAGE,Silver,PC,Asia,52.1,5.9,0.7
tracer,Tracer,DAMAGE,Silver,PC,Asia,49.0,7.5,3.5
vendetta,Vendetta,DAMAGE,Silver,PC,Asia,55.7,7.1,13.1
venture,Venture,DAMAGE,Silver,PC,Asia,52.3,1.9,0.2
widowmaker,Widowmaker,DAMAGE,Silver,PC,Asia,47.3,3.9,1.2
anran,Anran,DAMAGE,Silver,Console,Americas,51.7,9.2,8.7
ashe,Ashe,DAMAGE,Silver,Console,Americas,49.7,13.6,1.2
bastion,Bastion,DAMAGE,Silver,Console,Americas,49.5,22.0,9.3
cassidy,Cassidy,DAMAGE,Silver,Console,Americas,48.3,8.0,0.6
echo,Echo,DAMAGE,Silver,Console,Americas,46.5,4.1,0.4
emre,Emre,DAMAGE,Silver,Console,Americas,47.1,7.5,0.2
freja,Freja,DAMAGE,Silver,Console,Americas,45.0,6.2,1.4
genji,Genji,DAMAGE,Silver,Console,Americas,50.1,5.7,2.3
hanzo,Hanzo,DAMAGE,Silver,Console,Americas,49.3,8.1,0.6
junkrat,Junkrat,DAMAGE,Silver,Console,Americas,48.7,10.7,3.6
mei,Mei,DAMAGE,Silver,Console,Americas,51.2,9.6,7.4
pharah,Pharah,DAMAGE,Silver,Console,Americas,46.4,2.9,1.5
reaper,Reaper,DAMAGE,Silver,Console,Americas,52.0,10.0,2.6
shion,Shion,DAMAGE,Silver,Console,Americas,48.7,8.7,0.8
sierra,Sierra,DAMAGE,Silver,Console,Americas,51.5,16.1,38.8
sojourn,Sojourn,DAMAGE,Silver,Console,Americas,44.5,10.1,0.5
soldier-76,Soldier: 76,DAMAGE,Silver,Console,Americas,50.1,16.6,1.3
sombra,Sombra,DAMAGE,Silver,Console,Americas,52.2,2.1,87.2
symmetra,Symmetra,DAMAGE,Silver,Console,Americas,50.4,3.9,20.6
torbjorn,Torbjörn,DAMAGE,Silver,Console,Americas,54.5,9.4,4.3
tracer,Tracer,DAMAGE,Silver,Console,Americas,52.1,4.4,11.5
vendetta,Vendetta,DAMAGE,Silver,Console,Americas,52.6,3.4,0.9
venture,Venture,DAMAGE,Silver,Console,Americas,50.4,1.7,0.2
widowmaker,Widowmaker,DAMAGE,Silver,Console,Americas,46.3,6.2,11.9
anran,Anran,DAMAGE,Silver,Console,Europe,51.1,7.3,5.1
ashe,Ashe,DAMAGE,Silver,Console,Europe,50.3,14.8,1.9
bastion,Bastion,DAMAGE,Silver,Console,Europe,49.7,21.2,12.7
cassidy,Cassidy,DAMAGE,Silver,Console,Europe,49.6,10.7,0.8
echo,Echo,DAMAGE,Silver,Console,Europe,47.2,3.2,0.3
emre,Emre,DAMAGE,Silver,Console,Europe,47.7,7.4,0.2
freja,Freja,DAMAGE,Silver,Console,Europe,45.2,5.6,1.1
genji,Genji,DAMAGE,Silver,Console,Europe,51.4,6.1,4.9
hanzo,Hanzo,DAMAGE,Silver,Console,Europe,47.7,9.1,0.8
junkrat,Junkrat,DAMAGE,Silver,Console,Europe,48.2,10.0,2.8
mei,Mei,DAMAGE,Silver,Console,Europe,52.6,6.9,3.0
pharah,Pharah,DAMAGE,Silver,Console,Europe,48.2,3.1,4.9
reaper,Reaper,DAMAGE,Silver,Console,Europe,53.0,11.8,3.3
shion,Shion,DAMAGE,Silver,Console,Europe,48.0,7.3,0.5
sierra,Sierra,DAMAGE,Silver,Console,Europe,49.9,18.4,23.5
sojourn,Sojourn,DAMAGE,Silver,Console,Europe,44.7,10.2,0.4
soldier-76,Soldier: 76,DAMAGE,Silver,Console,Europe,50.6,20.2,2.5
sombra,Sombra,DAMAGE,Silver,Console,Europe,51.6,2.1,83.6
symmetra,Symmetra,DAMAGE,Silver,Console,Europe,51.0,3.0,5.6
torbjorn,Torbjörn,DAMAGE,Silver,Console,Europe,53.5,7.3,2.2
tracer,Tracer,DAMAGE,Silver,Console,Europe,49.9,4.5,14.5
vendetta,Vendetta,DAMAGE,Silver,Console,Europe,52.6,2.4,0.6
venture,Venture,DAMAGE,Silver,Console,Europe,50.8,1.1,0.1
widowmaker,Widowmaker,DAMAGE,Silver,Console,Europe,46.6,6.3,32.1
anran,Anran,DAMAGE,Silver,Console,Asia,49.8,9.7,5.3
ashe,Ashe,DAMAGE,Silver,Console,Asia,49.8,13.6,0.9
bastion,Bastion,DAMAGE,Silver,Console,Asia,49.8,17.4,2.8
cassidy,Cassidy,DAMAGE,Silver,Console,Asia,46.2,11.5,0.6
echo,Echo,DAMAGE,Silver,Console,Asia,49.5,3.2,0.4
emre,Emre,DAMAGE,Silver,Console,Asia,47.6,6.2,0.1
freja,Freja,DAMAGE,Silver,Console,Asia,46.7,4.8,8.8
genji,Genji,DAMAGE,Silver,Console,Asia,49.3,6.3,1.4
hanzo,Hanzo,DAMAGE,Silver,Console,Asia,45.9,3.6,0.2
junkrat,Junkrat,DAMAGE,Silver,Console,Asia,48.2,6.6,0.6
mei,Mei,DAMAGE,Silver,Console,Asia,51.9,8.5,3.2
pharah,Pharah,DAMAGE,Silver,Console,Asia,49.6,3.8,5.9
reaper,Reaper,DAMAGE,Silver,Console,Asia,52.4,12.2,1.5
shion,Shion,DAMAGE,Silver,Console,Asia,48.9,8.9,0.4
sierra,Sierra,DAMAGE,Silver,Console,Asia,50.5,24.7,9.3
sojourn,Sojourn,DAMAGE,Silver,Console,Asia,44.2,12.8,0.2
soldier-76,Soldier: 76,DAMAGE,Silver,Console,Asia,50.5,14.0,0.2
sombra,Sombra,DAMAGE,Silver,Console,Asia,50.0,1.6,88.9
symmetra,Symmetra,DAMAGE,Silver,Console,Asia,54.3,4.1,26.2
torbjorn,Torbjörn,DAMAGE,Silver,Console,Asia,54.2,9.3,2.2
tracer,Tracer,DAMAGE,Silver,Console,Asia,50.8,6.1,27.6
vendetta,Vendetta,DAMAGE,Silver,Console,Asia,50.6,4.8,1.6
venture,Venture,DAMAGE,Silver,Console,Asia,52.4,2.0,0.1
widowmaker,Widowmaker,DAMAGE,Silver,Console,Asia,45.9,4.4,2.6
anran,Anran,DAMAGE,Gold,PC,Americas,51.9,8.9,33.3
ashe,Ashe,DAMAGE,Gold,PC,Americas,51.4,11.6,1.6
bastion,Bastion,DAMAGE,Gold,PC,Americas,46.9,16.6,6.2
cassidy,Cassidy,DAMAGE,Gold,PC,Americas,47.3,14.4,3.2
echo,Echo,DAMAGE,Gold,PC,Americas,48.5,3.3,0.5
emre,Emre,DAMAGE,Gold,PC,Americas,46.9,6.2,0.2
freja,Freja,DAMAGE,Gold,PC,Americas,46.4,5.1,8.8
genji,Genji,DAMAGE,Gold,PC,Americas,52.8,8.4,4.0
hanzo,Hanzo,DAMAGE,Gold,PC,Americas,51.0,7.7,0.9
junkrat,Junkrat,DAMAGE,Gold,PC,Americas,50.2,11.5,4.9
mei,Mei,DAMAGE,Gold,PC,Americas,50.0,10.2,7.5
pharah,Pharah,DAMAGE,Gold,PC,Americas,50.9,4.1,7.4
reaper,Reaper,DAMAGE,Gold,PC,Americas,50.6,11.6,1.9
shion,Shion,DAMAGE,Gold,PC,Americas,49.1,8.2,1.1
sierra,Sierra,DAMAGE,Gold,PC,Americas,49.8,15.0,24.5
sojourn,Sojourn,DAMAGE,Gold,PC,Americas,44.5,9.5,0.6
soldier-76,Soldier: 76,DAMAGE,Gold,PC,Americas,48.5,17.8,0.5
sombra,Sombra,DAMAGE,Gold,PC,Americas,49.2,3.0,47.0
symmetra,Symmetra,DAMAGE,Gold,PC,Americas,48.1,3.2,4.1
torbjorn,Torbjörn,DAMAGE,Gold,PC,Americas,51.1,5.7,0.8
tracer,Tracer,DAMAGE,Gold,PC,Americas,51.1,5.4,4.7
vendetta,Vendetta,DAMAGE,Gold,PC,Americas,55.2,5.2,5.6
venture,Venture,DAMAGE,Gold,PC,Americas,51.1,2.3,0.5
widowmaker,Widowmaker,DAMAGE,Gold,PC,Americas,50.4,4.8,4.5
anran,Anran,DAMAGE,Gold,PC,Europe,51.8,8.2,30.5
ashe,Ashe,DAMAGE,Gold,PC,Europe,51.1,13.3,1.7
bastion,Bastion,DAMAGE,Gold,PC,Europe,47.1,16.1,8.3
cassidy,Cassidy,DAMAGE,Gold,PC,Europe,47.9,14.2,2.8
echo,Echo,DAMAGE,Gold,PC,Europe,47.1,3.1,0.5
emre,Emre,DAMAGE,Gold,PC,Europe,47.1,6.0,0.2
freja,Freja,DAMAGE,Gold,PC,Europe,46.3,4.9,8.0
genji,Genji,DAMAGE,Gold,PC,Europe,53.0,8.9,7.1
hanzo,Hanzo,DAMAGE,Gold,PC,Europe,50.8,9.6,1.8
junkrat,Junkrat,DAMAGE,Gold,PC,Europe,49.9,11.6,5.3
mei,Mei,DAMAGE,Gold,PC,Europe,50.4,8.8,6.2
pharah,Pharah,DAMAGE,Gold,PC,Europe,51.7,4.3,15.0
reaper,Reaper,DAMAGE,Gold,PC,Europe,50.6,11.3,1.9
shion,Shion,DAMAGE,Gold,PC,Europe,48.4,8.0,0.8
sierra,Sierra,DAMAGE,Gold,PC,Europe,49.6,15.5,21.4
sojourn,Sojourn,DAMAGE,Gold,PC,Europe,44.8,9.2,0.6
soldier-76,Soldier: 76,DAMAGE,Gold,PC,Europe,48.8,17.7,0.8
sombra,Sombra,DAMAGE,Gold,PC,Europe,47.9,3.1,40.7
symmetra,Symmetra,DAMAGE,Gold,PC,Europe,48.4,2.8,2.1
torbjorn,Torbjörn,DAMAGE,Gold,PC,Europe,51.5,5.3,0.8
tracer,Tracer,DAMAGE,Gold,PC,Europe,50.2,5.1,3.6
vendetta,Vendetta,DAMAGE,Gold,PC,Europe,54.2,4.9,5.5
venture,Venture,DAMAGE,Gold,PC,Europe,50.4,1.9,0.4
widowmaker,Widowmaker,DAMAGE,Gold,PC,Europe,50.3,6.4,8.6
anran,Anran,DAMAGE,Gold,PC,Asia,51.6,12.0,10.3
ashe,Ashe,DAMAGE,Gold,PC,Asia,50.6,11.1,0.4
bastion,Bastion,DAMAGE,Gold,PC,Asia,47.7,10.4,3.5
cassidy,Cassidy,DAMAGE,Gold,PC,Asia,46.9,22.0,2.3
echo,Echo,DAMAGE,Gold,PC,Asia,48.8,3.3,0.4
emre,Emre,DAMAGE,Gold,PC,Asia,48.9,6.2,0.1
freja,Freja,DAMAGE,Gold,PC,Asia,45.9,4.3,39.1
genji,Genji,DAMAGE,Gold,PC,Asia,51.4,8.3,0.7
hanzo,Hanzo,DAMAGE,Gold,PC,Asia,48.7,4.2,0.2
junkrat,Junkrat,DAMAGE,Gold,PC,Asia,51.2,5.7,0.8
mei,Mei,DAMAGE,Gold,PC,Asia,50.8,7.7,4.6
pharah,Pharah,DAMAGE,Gold,PC,Asia,52.6,4.3,53.7
reaper,Reaper,DAMAGE,Gold,PC,Asia,50.2,13.5,2.8
shion,Shion,DAMAGE,Gold,PC,Asia,49.0,9.3,0.5
sierra,Sierra,DAMAGE,Gold,PC,Asia,49.5,16.4,3.5
sojourn,Sojourn,DAMAGE,Gold,PC,Asia,45.4,13.0,0.1
soldier-76,Soldier: 76,DAMAGE,Gold,PC,Asia,49.2,11.8,0.1
sombra,Sombra,DAMAGE,Gold,PC,Asia,47.1,3.3,21.4
symmetra,Symmetra,DAMAGE,Gold,PC,Asia,52.9,4.4,8.4
torbjorn,Torbjörn,DAMAGE,Gold,PC,Asia,53.6,5.9,0.7
tracer,Tracer,DAMAGE,Gold,PC,Asia,49.1,9.6,2.6
vendetta,Vendetta,DAMAGE,Gold,PC,Asia,54.4,7.3,18.1
venture,Venture,DAMAGE,Gold,PC,Asia,53.3,2.2,0.3
widowmaker,Widowmaker,DAMAGE,Gold,PC,Asia,50.6,3.8,1.1
anran,Anran,DAMAGE,Gold,Console,Americas,51.1,8.9,10.8
ashe,Ashe,DAMAGE,Gold,Console,Americas,51.4,13.9,1.7
bastion,Bastion,DAMAGE,Gold,Console,Americas,48.3,20.7,11.5
cassidy,Cassidy,DAMAGE,Gold,Console,Americas,48.2,9.9,1.1
echo,Echo,DAMAGE,Gold,Console,Americas,47.1,3.8,0.4
emre,Emre,DAMAGE,Gold,Console,Americas,46.6,7.3,0.2
freja,Freja,DAMAGE,Gold,Console,Americas,46.3,5.4,2.0
genji,Genji,DAMAGE,Gold,Console,Americas,51.7,6.0,2.3
hanzo,Hanzo,DAMAGE,Gold,Console,Americas,49.7,7.3,0.4
junkrat,Junkrat,DAMAGE,Gold,Console,Americas,48.8,10.5,2.6
mei,Mei,DAMAGE,Gold,Console,Americas,49.5,10.6,5.4
pharah,Pharah,DAMAGE,Gold,Console,Americas,47.1,2.4,1.0
reaper,Reaper,DAMAGE,Gold,Console,Americas,52.1,11.4,2.1
shion,Shion,DAMAGE,Gold,Console,Americas,49.1,7.7,0.7
sierra,Sierra,DAMAGE,Gold,Console,Americas,50.5,15.2,33.3
sojourn,Sojourn,DAMAGE,Gold,Console,Americas,43.8,9.0,0.4
soldier-76,Soldier: 76,DAMAGE,Gold,Console,Americas,50.0,19.2,1.6
sombra,Sombra,DAMAGE,Gold,Console,Americas,51.4,2.3,85.2
symmetra,Symmetra,DAMAGE,Gold,Console,Americas,48.8,4.0,21.5
torbjorn,Torbjörn,DAMAGE,Gold,Console,Americas,52.4,9.8,5.0
tracer,Tracer,DAMAGE,Gold,Console,Americas,52.0,4.4,9.8
vendetta,Vendetta,DAMAGE,Gold,Console,Americas,51.9,3.2,0.7
venture,Venture,DAMAGE,Gold,Console,Americas,50.7,1.8,0.2
widowmaker,Widowmaker,DAMAGE,Gold,Console,Americas,48.5,5.3,8.4
anran,Anran,DAMAGE,Gold,Console,Europe,51.2,7.1,6.1
ashe,Ashe,DAMAGE,Gold,Console,Europe,51.7,15.0,2.8
bastion,Bastion,DAMAGE,Gold,Console,Europe,48.4,20.0,14.9
cassidy,Cassidy,DAMAGE,Gold,Console,Europe,47.9,12.1,1.3
echo,Echo,DAMAGE,Gold,Console,Europe,46.9,2.9,0.3
emre,Emre,DAMAGE,Gold,Console,Europe,46.2,7.1,0.2
freja,Freja,DAMAGE,Gold,Console,Europe,46.9,4.9,1.9
genji,Genji,DAMAGE,Gold,Console,Europe,51.5,6.5,4.9
hanzo,Hanzo,DAMAGE,Gold,Console,Europe,50.0,8.6,0.6
junkrat,Junkrat,DAMAGE,Gold,Console,Europe,49.4,9.7,1.8
mei,Mei,DAMAGE,Gold,Console,Europe,49.7,8.1,3.3
pharah,Pharah,DAMAGE,Gold,Console,Europe,48.7,2.5,2.8
reaper,Reaper,DAMAGE,Gold,Console,Europe,51.8,13.1,3.4
shion,Shion,DAMAGE,Gold,Console,Europe,48.3,6.5,0.4
sierra,Sierra,DAMAGE,Gold,Console,Europe,49.8,16.0,17.7
sojourn,Sojourn,DAMAGE,Gold,Console,Europe,44.6,9.5,0.5
soldier-76,Soldier: 76,DAMAGE,Gold,Console,Europe,50.1,22.9,2.6
sombra,Sombra,DAMAGE,Gold,Console,Europe,50.2,2.2,81.4
symmetra,Symmetra,DAMAGE,Gold,Console,Europe,49.0,3.2,7.1
torbjorn,Torbjörn,DAMAGE,Gold,Console,Europe,52.2,7.5,2.3
tracer,Tracer,DAMAGE,Gold,Console,Europe,52.0,5.1,11.5
vendetta,Vendetta,DAMAGE,Gold,Console,Europe,51.2,2.3,0.4
venture,Venture,DAMAGE,Gold,Console,Europe,47.9,1.2,0.1
widowmaker,Widowmaker,DAMAGE,Gold,Console,Europe,49.5,6.2,26.3
anran,Anran,DAMAGE,Gold,Console,Asia,49.9,11.0,5.9
ashe,Ashe,DAMAGE,Gold,Console,Asia,51.6,13.4,0.6
bastion,Bastion,DAMAGE,Gold,Console,Asia,49.2,14.9,4.6
cassidy,Cassidy,DAMAGE,Gold,Console,Asia,45.8,14.9,1.4
echo,Echo,DAMAGE,Gold,Console,Asia,49.7,3.3,0.4
emre,Emre,DAMAGE,Gold,Console,Asia,48.7,6.6,0.1
freja,Freja,DAMAGE,Gold,Console,Asia,45.9,4.7,10.8
genji,Genji,DAMAGE,Gold,Console,Asia,49.5,6.3,0.8
hanzo,Hanzo,DAMAGE,Gold,Console,Asia,48.2,3.6,0.1
junkrat,Junkrat,DAMAGE,Gold,Console,Asia,50.0,5.7,0.7
mei,Mei,DAMAGE,Gold,Console,Asia,50.5,9.1,3.2
pharah,Pharah,DAMAGE,Gold,Console,Asia,48.1,3.9,3.6
reaper,Reaper,DAMAGE,Gold,Console,Asia,51.1,13.7,1.7
shion,Shion,DAMAGE,Gold,Console,Asia,48.7,7.9,0.3
sierra,Sierra,DAMAGE,Gold,Console,Asia,49.7,18.7,5.5
sojourn,Sojourn,DAMAGE,Gold,Console,Asia,44.7,12.3,0.1
soldier-76,Soldier: 76,DAMAGE,Gold,Console,Asia,50.6,14.4,0.3
sombra,Sombra,DAMAGE,Gold,Console,Asia,52.3,2.3,84.2
symmetra,Symmetra,DAMAGE,Gold,Console,Asia,54.9,4.3,32.8
torbjorn,Torbjörn,DAMAGE,Gold,Console,Asia,53.0,9.4,2.4
tracer,Tracer,DAMAGE,Gold,Console,Asia,50.8,8.8,19.1
vendetta,Vendetta,DAMAGE,Gold,Console,Asia,49.3,4.6,2.0
venture,Venture,DAMAGE,Gold,Console,Asia,49.6,1.8,0.1
widowmaker,Widowmaker,DAMAGE,Gold,Console,Asia,50.1,4.6,3.1
anran,Anran,DAMAGE,Platinum,PC,Americas,52.0,7.9,29.9
ashe,Ashe,DAMAGE,Platinum,PC,Americas,51.2,12.6,2.3
bastion,Bastion,DAMAGE,Platinum,PC,Americas,46.6,13.6,6.6
cassidy,Cassidy,DAMAGE,Platinum,PC,Americas,46.6,18.3,6.7
echo,Echo,DAMAGE,Platinum,PC,Americas,49.1,3.4,0.4
emre,Emre,DAMAGE,Platinum,PC,Americas,47.7,6.4,0.2
freja,Freja,DAMAGE,Platinum,PC,Americas,46.4,5.0,19.3
genji,Genji,DAMAGE,Platinum,PC,Americas,52.9,10.8,5.0
hanzo,Hanzo,DAMAGE,Platinum,PC,Americas,50.9,7.9,1.3
junkrat,Junkrat,DAMAGE,Platinum,PC,Americas,50.7,9.3,3.3
mei,Mei,DAMAGE,Platinum,PC,Americas,49.2,9.2,5.5
pharah,Pharah,DAMAGE,Platinum,PC,Americas,51.6,3.7,5.0
reaper,Reaper,DAMAGE,Platinum,PC,Americas,49.8,11.3,1.7
shion,Shion,DAMAGE,Platinum,PC,Americas,49.7,8.1,0.9
sierra,Sierra,DAMAGE,Platinum,PC,Americas,49.4,12.8,17.3
sojourn,Sojourn,DAMAGE,Platinum,PC,Americas,45.1,10.5,1.2
soldier-76,Soldier: 76,DAMAGE,Platinum,PC,Americas,49.0,17.9,0.5
sombra,Sombra,DAMAGE,Platinum,PC,Americas,48.2,3.6,29.5
symmetra,Symmetra,DAMAGE,Platinum,PC,Americas,48.3,2.9,3.1
torbjorn,Torbjörn,DAMAGE,Platinum,PC,Americas,51.6,5.0,0.7
tracer,Tracer,DAMAGE,Platinum,PC,Americas,50.9,7.2,5.2
vendetta,Vendetta,DAMAGE,Platinum,PC,Americas,54.8,5.0,4.5
venture,Venture,DAMAGE,Platinum,PC,Americas,50.9,2.3,0.6
widowmaker,Widowmaker,DAMAGE,Platinum,PC,Americas,51.5,5.2,5.7
anran,Anran,DAMAGE,Platinum,PC,Europe,51.6,7.4,27.2
ashe,Ashe,DAMAGE,Platinum,PC,Europe,51.5,14.2,1.9
bastion,Bastion,DAMAGE,Platinum,PC,Europe,46.3,13.8,8.1
cassidy,Cassidy,DAMAGE,Platinum,PC,Europe,46.8,18.1,5.7
echo,Echo,DAMAGE,Platinum,PC,Europe,49.1,3.2,0.4
emre,Emre,DAMAGE,Platinum,PC,Europe,47.3,6.0,0.2
freja,Freja,DAMAGE,Platinum,PC,Europe,47.3,5.1,19.3
genji,Genji,DAMAGE,Platinum,PC,Europe,52.8,11.5,8.0
hanzo,Hanzo,DAMAGE,Platinum,PC,Europe,50.4,9.5,2.5
junkrat,Junkrat,DAMAGE,Platinum,PC,Europe,50.5,9.5,3.5
mei,Mei,DAMAGE,Platinum,PC,Europe,49.6,8.2,4.7
pharah,Pharah,DAMAGE,Platinum,PC,Europe,52.2,4.0,11.3
reaper,Reaper,DAMAGE,Platinum,PC,Europe,50.0,10.5,1.6
shion,Shion,DAMAGE,Platinum,PC,Europe,49.6,7.7,0.7
sierra,Sierra,DAMAGE,Platinum,PC,Europe,49.3,13.4,14.2
sojourn,Sojourn,DAMAGE,Platinum,PC,Europe,45.8,10.3,0.9
soldier-76,Soldier: 76,DAMAGE,Platinum,PC,Europe,48.7,17.3,0.6
sombra,Sombra,DAMAGE,Platinum,PC,Europe,47.8,3.7,25.4
symmetra,Symmetra,DAMAGE,Platinum,PC,Europe,48.5,2.5,1.7
torbjorn,Torbjörn,DAMAGE,Platinum,PC,Europe,51.6,4.6,0.6
tracer,Tracer,DAMAGE,Platinum,PC,Europe,50.9,6.3,3.7
vendetta,Vendetta,DAMAGE,Platinum,PC,Europe,54.7,4.8,4.2
venture,Venture,DAMAGE,Platinum,PC,Europe,51.0,1.9,0.4
widowmaker,Widowmaker,DAMAGE,Platinum,PC,Europe,51.0,6.7,9.4
anran,Anran,DAMAGE,Platinum,PC,Asia,51.6,11.0,7.7
ashe,Ashe,DAMAGE,Platinum,PC,Asia,50.9,10.5,0.3
bastion,Bastion,DAMAGE,Platinum,PC,Asia,47.5,8.5,2.9
cassidy,Cassidy,DAMAGE,Platinum,PC,Asia,46.9,26.2,3.3
echo,Echo,DAMAGE,Platinum,PC,Asia,49.3,3.9,0.4
emre,Emre,DAMAGE,Platinum,PC,Asia,48.8,5.9,0.2
freja,Freja,DAMAGE,Platinum,PC,Asia,47.3,4.4,45.9
genji,Genji,DAMAGE,Platinum,PC,Asia,51.1,10.4,0.6
hanzo,Hanzo,DAMAGE,Platinum,PC,Asia,48.7,4.2,0.3
junkrat,Junkrat,DAMAGE,Platinum,PC,Asia,52.2,5.0,0.5
mei,Mei,DAMAGE,Platinum,PC,Asia,50.2,7.3,3.9
pharah,Pharah,DAMAGE,Platinum,PC,Asia,53.0,5.0,45.4
reaper,Reaper,DAMAGE,Platinum,PC,Asia,50.1,13.2,2.9
shion,Shion,DAMAGE,Platinum,PC,Asia,50.4,9.2,0.4
sierra,Sierra,DAMAGE,Platinum,PC,Asia,49.4,12.2,3.2
sojourn,Sojourn,DAMAGE,Platinum,PC,Asia,45.3,13.1,0.2
soldier-76,Soldier: 76,DAMAGE,Platinum,PC,Asia,49.8,10.5,0.2
sombra,Sombra,DAMAGE,Platinum,PC,Asia,47.1,3.7,12.9
symmetra,Symmetra,DAMAGE,Platinum,PC,Asia,52.7,4.1,6.3
torbjorn,Torbjörn,DAMAGE,Platinum,PC,Asia,52.9,6.4,0.7
tracer,Tracer,DAMAGE,Platinum,PC,Asia,48.9,12.3,2.2
vendetta,Vendetta,DAMAGE,Platinum,PC,Asia,53.9,6.9,22.7
venture,Venture,DAMAGE,Platinum,PC,Asia,52.8,2.6,0.3
widowmaker,Widowmaker,DAMAGE,Platinum,PC,Asia,50.8,3.6,1.2
anran,Anran,DAMAGE,Platinum,Console,Americas,51.1,8.6,13.4
ashe,Ashe,DAMAGE,Platinum,Console,Americas,51.6,14.6,2.9
bastion,Bastion,DAMAGE,Platinum,Console,Americas,47.1,17.8,12.6
cassidy,Cassidy,DAMAGE,Platinum,Console,Americas,47.7,12.9,2.4
echo,Echo,DAMAGE,Platinum,Console,Americas,48.6,3.5,0.2
emre,Emre,DAMAGE,Platinum,Console,Americas,46.5,7.7,0.2
freja,Freja,DAMAGE,Platinum,Console,Americas,46.1,5.1,3.0
genji,Genji,DAMAGE,Platinum,Console,Americas,51.6,7.0,2.5
hanzo,Hanzo,DAMAGE,Platinum,Console,Americas,50.6,6.8,0.3
junkrat,Junkrat,DAMAGE,Platinum,Console,Americas,50.1,9.2,1.6
mei,Mei,DAMAGE,Platinum,Console,Americas,49.1,10.2,4.0
pharah,Pharah,DAMAGE,Platinum,Console,Americas,49.4,1.9,0.6
reaper,Reaper,DAMAGE,Platinum,Console,Americas,51.0,12.0,1.8
shion,Shion,DAMAGE,Platinum,Console,Americas,49.8,7.4,0.6
sierra,Sierra,DAMAGE,Platinum,Console,Americas,49.5,13.6,25.1
sojourn,Sojourn,DAMAGE,Platinum,Console,Americas,44.4,8.8,0.6
soldier-76,Soldier: 76,DAMAGE,Platinum,Console,Americas,50.1,21.6,1.9
sombra,Sombra,DAMAGE,Platinum,Console,Americas,52.1,2.9,80.2
symmetra,Symmetra,DAMAGE,Platinum,Console,Americas,48.1,3.7,17.5
torbjorn,Torbjörn,DAMAGE,Platinum,Console,Americas,51.3,8.8,4.3
tracer,Tracer,DAMAGE,Platinum,Console,Americas,52.1,5.3,9.6
vendetta,Vendetta,DAMAGE,Platinum,Console,Americas,52.1,3.0,0.5
venture,Venture,DAMAGE,Platinum,Console,Americas,50.8,1.9,0.2
widowmaker,Widowmaker,DAMAGE,Platinum,Console,Americas,51.2,5.6,8.6
anran,Anran,DAMAGE,Platinum,Console,Europe,51.0,6.7,6.3
ashe,Ashe,DAMAGE,Platinum,Console,Europe,52.0,16.1,3.7
bastion,Bastion,DAMAGE,Platinum,Console,Europe,47.4,17.8,16.0
cassidy,Cassidy,DAMAGE,Platinum,Console,Europe,47.9,15.1,2.7
echo,Echo,DAMAGE,Platinum,Console,Europe,49.7,2.9,0.2
emre,Emre,DAMAGE,Platinum,Console,Europe,47.0,7.1,0.2
freja,Freja,DAMAGE,Platinum,Console,Europe,46.8,4.7,2.6
genji,Genji,DAMAGE,Platinum,Console,Europe,51.9,7.8,4.1
hanzo,Hanzo,DAMAGE,Platinum,Console,Europe,50.1,8.0,0.6
junkrat,Junkrat,DAMAGE,Platinum,Console,Europe,49.3,7.9,1.1
mei,Mei,DAMAGE,Platinum,Console,Europe,48.7,7.7,2.7
pharah,Pharah,DAMAGE,Platinum,Console,Europe,50.4,2.1,1.7
reaper,Reaper,DAMAGE,Platinum,Console,Europe,50.9,13.6,3.6
shion,Shion,DAMAGE,Platinum,Console,Europe,49.7,6.2,0.3
sierra,Sierra,DAMAGE,Platinum,Console,Europe,48.5,13.4,9.8
sojourn,Sojourn,DAMAGE,Platinum,Console,Europe,44.7,9.3,0.5
soldier-76,Soldier: 76,DAMAGE,Platinum,Console,Europe,49.7,24.5,2.4
sombra,Sombra,DAMAGE,Platinum,Console,Europe,50.8,2.8,75.4
symmetra,Symmetra,DAMAGE,Platinum,Console,Europe,48.4,3.0,6.3
torbjorn,Torbjörn,DAMAGE,Platinum,Console,Europe,51.5,6.7,2.1
tracer,Tracer,DAMAGE,Platinum,Console,Europe,52.3,6.3,10.3
vendetta,Vendetta,DAMAGE,Platinum,Console,Europe,51.3,2.3,0.3
venture,Venture,DAMAGE,Platinum,Console,Europe,50.4,1.3,0.1
widowmaker,Widowmaker,DAMAGE,Platinum,Console,Europe,52.1,6.6,29.4
anran,Anran,DAMAGE,Platinum,Console,Asia,51.3,10.6,5.6
ashe,Ashe,DAMAGE,Platinum,Console,Asia,51.4,12.6,1.0
bastion,Bastion,DAMAGE,Platinum,Console,Asia,49.4,12.5,5.7
cassidy,Cassidy,DAMAGE,Platinum,Console,Asia,45.9,19.3,3.0
echo,Echo,DAMAGE,Platinum,Console,Asia,51.4,3.3,0.2
emre,Emre,DAMAGE,Platinum,Console,Asia,47.2,6.6,0.1
freja,Freja,DAMAGE,Platinum,Console,Asia,46.6,4.4,15.3
genji,Genji,DAMAGE,Platinum,Console,Asia,50.0,6.9,0.6
hanzo,Hanzo,DAMAGE,Platinum,Console,Asia,47.8,3.3,0.1
junkrat,Junkrat,DAMAGE,Platinum,Console,Asia,50.0,4.9,0.6
mei,Mei,DAMAGE,Platinum,Console,Asia,50.0,8.1,2.9
pharah,Pharah,DAMAGE,Platinum,Console,Asia,48.2,3.5,2.3
reaper,Reaper,DAMAGE,Platinum,Console,Asia,52.1,14.4,2.4
shion,Shion,DAMAGE,Platinum,Console,Asia,49.7,8.1,0.3
sierra,Sierra,DAMAGE,Platinum,Console,Asia,49.6,14.5,3.5
sojourn,Sojourn,DAMAGE,Platinum,Console,Asia,45.2,12.8,0.2
soldier-76,Soldier: 76,DAMAGE,Platinum,Console,Asia,49.6,14.8,0.8
sombra,Sombra,DAMAGE,Platinum,Console,Asia,50.8,3.1,75.6
symmetra,Symmetra,DAMAGE,Platinum,Console,Asia,52.9,4.0,28.7
torbjorn,Torbjörn,DAMAGE,Platinum,Console,Asia,52.8,8.9,2.4
tracer,Tracer,DAMAGE,Platinum,Console,Asia,50.4,12.0,13.8
vendetta,Vendetta,DAMAGE,Platinum,Console,Asia,50.8,4.9,3.2
venture,Venture,DAMAGE,Platinum,Console,Asia,51.9,1.9,0.1
widowmaker,Widowmaker,DAMAGE,Platinum,Console,Asia,51.4,4.6,5.0
anran,Anran,DAMAGE,Emerald,PC,Americas,51.6,7.0,21.3
ashe,Ashe,DAMAGE,Emerald,PC,Americas,51.9,12.6,2.2
bastion,Bastion,DAMAGE,Emerald,PC,Americas,46.7,10.4,5.8
cassidy,Cassidy,DAMAGE,Emerald,PC,Americas,46.3,22.7,11.0
echo,Echo,DAMAGE,Emerald,PC,Americas,50.0,3.5,0.4
emre,Emre,DAMAGE,Emerald,PC,Americas,48.5,6.3,0.2
freja,Freja,DAMAGE,Emerald,PC,Americas,47.7,4.8,33.7
genji,Genji,DAMAGE,Emerald,PC,Americas,51.7,13.8,4.8
hanzo,Hanzo,DAMAGE,Emerald,PC,Americas,50.4,7.6,1.5
junkrat,Junkrat,DAMAGE,Emerald,PC,Americas,51.8,7.2,2.3
mei,Mei,DAMAGE,Emerald,PC,Americas,49.0,7.4,2.8
pharah,Pharah,DAMAGE,Emerald,PC,Americas,52.9,3.5,3.4
reaper,Reaper,DAMAGE,Emerald,PC,Americas,49.8,10.4,1.6
shion,Shion,DAMAGE,Emerald,PC,Americas,50.7,9.1,0.8
sierra,Sierra,DAMAGE,Emerald,PC,Americas,48.8,9.7,8.6
sojourn,Sojourn,DAMAGE,Emerald,PC,Americas,45.2,12.8,1.7
soldier-76,Soldier: 76,DAMAGE,Emerald,PC,Americas,49.6,16.9,0.3
sombra,Sombra,DAMAGE,Emerald,PC,Americas,47.5,4.2,13.7
symmetra,Symmetra,DAMAGE,Emerald,PC,Americas,48.3,2.2,1.8
torbjorn,Torbjörn,DAMAGE,Emerald,PC,Americas,50.8,4.2,0.5
tracer,Tracer,DAMAGE,Emerald,PC,Americas,51.1,10.4,7.7
vendetta,Vendetta,DAMAGE,Emerald,PC,Americas,54.8,5.0,3.6
venture,Venture,DAMAGE,Emerald,PC,Americas,51.9,2.2,0.5
widowmaker,Widowmaker,DAMAGE,Emerald,PC,Americas,51.2,5.9,7.8
anran,Anran,DAMAGE,Emerald,PC,Europe,51.7,6.7,17.6
ashe,Ashe,DAMAGE,Emerald,PC,Europe,51.2,13.6,1.9
bastion,Bastion,DAMAGE,Emerald,PC,Europe,47.1,11.2,6.9
cassidy,Cassidy,DAMAGE,Emerald,PC,Europe,46.2,22.4,10.5
echo,Echo,DAMAGE,Emerald,PC,Europe,50.2,3.8,0.4
emre,Emre,DAMAGE,Emerald,PC,Europe,48.0,5.9,0.2
freja,Freja,DAMAGE,Emerald,PC,Europe,47.6,5.2,35.2
genji,Genji,DAMAGE,Emerald,PC,Europe,52.4,14.3,6.8
hanzo,Hanzo,DAMAGE,Emerald,PC,Europe,50.3,9.3,2.9
junkrat,Junkrat,DAMAGE,Emerald,PC,Europe,51.6,7.4,2.1
mei,Mei,DAMAGE,Emerald,PC,Europe,48.7,6.6,2.4
pharah,Pharah,DAMAGE,Emerald,PC,Europe,52.7,4.1,8.0
reaper,Reaper,DAMAGE,Emerald,PC,Europe,49.4,8.9,1.4
shion,Shion,DAMAGE,Emerald,PC,Europe,50.1,8.3,0.6
sierra,Sierra,DAMAGE,Emerald,PC,Europe,48.6,9.9,6.7
sojourn,Sojourn,DAMAGE,Emerald,PC,Europe,46.0,12.7,1.4
soldier-76,Soldier: 76,DAMAGE,Emerald,PC,Europe,49.1,16.3,0.4
sombra,Sombra,DAMAGE,Emerald,PC,Europe,48.0,4.1,11.5
symmetra,Symmetra,DAMAGE,Emerald,PC,Europe,49.0,2.1,1.1
torbjorn,Torbjörn,DAMAGE,Emerald,PC,Europe,51.2,4.1,0.5
tracer,Tracer,DAMAGE,Emerald,PC,Europe,51.6,9.2,6.0
vendetta,Vendetta,DAMAGE,Emerald,PC,Europe,54.4,4.6,3.2
venture,Venture,DAMAGE,Emerald,PC,Europe,53.5,2.0,0.4
widowmaker,Widowmaker,DAMAGE,Emerald,PC,Europe,52.1,7.4,11.3
anran,Anran,DAMAGE,Emerald,PC,Asia,51.3,9.1,4.6
ashe,Ashe,DAMAGE,Emerald,PC,Asia,50.8,8.8,0.2
bastion,Bastion,DAMAGE,Emerald,PC,Asia,47.4,6.7,2.2
cassidy,Cassidy,DAMAGE,Emerald,PC,Asia,47.3,30.1,5.1
echo,Echo,DAMAGE,Emerald,PC,Asia,50.9,4.6,0.4
emre,Emre,DAMAGE,Emerald,PC,Asia,50.3,5.7,0.1
freja,Freja,DAMAGE,Emerald,PC,Asia,48.1,4.6,49.6
genji,Genji,DAMAGE,Emerald,PC,Asia,50.9,12.6,0.5
hanzo,Hanzo,DAMAGE,Emerald,PC,Asia,49.0,4.1,0.2
junkrat,Junkrat,DAMAGE,Emerald,PC,Asia,52.2,4.6,0.4
mei,Mei,DAMAGE,Emerald,PC,Asia,49.2,5.9,2.4
pharah,Pharah,DAMAGE,Emerald,PC,Asia,52.6,5.6,37.5
reaper,Reaper,DAMAGE,Emerald,PC,Asia,49.6,12.0,3.6
shion,Shion,DAMAGE,Emerald,PC,Asia,50.3,10.3,0.3
sierra,Sierra,DAMAGE,Emerald,PC,Asia,49.0,9.1,1.8
sojourn,Sojourn,DAMAGE,Emerald,PC,Asia,46.6,13.3,0.2
soldier-76,Soldier: 76,DAMAGE,Emerald,PC,Asia,50.8,9.1,0.2
sombra,Sombra,DAMAGE,Emerald,PC,Asia,47.5,4.2,6.9
symmetra,Symmetra,DAMAGE,Emerald,PC,Asia,52.5,3.6,3.3
torbjorn,Torbjörn,DAMAGE,Emerald,PC,Asia,51.8,6.2,0.6
tracer,Tracer,DAMAGE,Emerald,PC,Asia,49.1,16.5,2.6
vendetta,Vendetta,DAMAGE,Emerald,PC,Asia,52.4,6.8,28.0
venture,Venture,DAMAGE,Emerald,PC,Asia,53.9,2.7,0.3
widowmaker,Widowmaker,DAMAGE,Emerald,PC,Asia,50.5,3.8,1.5
anran,Anran,DAMAGE,Emerald,Console,Americas,51.7,8.3,13.1
ashe,Ashe,DAMAGE,Emerald,Console,Americas,51.7,14.6,4.3
bastion,Bastion,DAMAGE,Emerald,Console,Americas,46.8,15.2,13.4
cassidy,Cassidy,DAMAGE,Emerald,Console,Americas,47.2,17.1,5.1
echo,Echo,DAMAGE,Emerald,Console,Americas,50.3,3.3,0.2
emre,Emre,DAMAGE,Emerald,Console,Americas,47.0,7.8,0.3
freja,Freja,DAMAGE,Emerald,Console,Americas,46.3,4.8,4.6
genji,Genji,DAMAGE,Emerald,Console,Americas,52.2,8.9,2.4
hanzo,Hanzo,DAMAGE,Emerald,Console,Americas,50.7,6.3,0.3
junkrat,Junkrat,DAMAGE,Emerald,Console,Americas,50.8,7.1,1.1
mei,Mei,DAMAGE,Emerald,Console,Americas,47.6,8.6,2.4
pharah,Pharah,DAMAGE,Emerald,Console,Americas,50.4,1.5,0.4
reaper,Reaper,DAMAGE,Emerald,Console,Americas,50.3,12.4,1.7
shion,Shion,DAMAGE,Emerald,Console,Americas,50.8,7.8,0.5
sierra,Sierra,DAMAGE,Emerald,Console,Americas,48.4,11.2,13.7
sojourn,Sojourn,DAMAGE,Emerald,Console,Americas,45.3,9.4,0.8
soldier-76,Soldier: 76,DAMAGE,Emerald,Console,Americas,49.7,23.6,2.0
sombra,Sombra,DAMAGE,Emerald,Console,Americas,50.8,3.6,71.8
symmetra,Symmetra,DAMAGE,Emerald,Console,Americas,48.3,3.3,10.4
torbjorn,Torbjörn,DAMAGE,Emerald,Console,Americas,50.7,7.0,2.6
tracer,Tracer,DAMAGE,Emerald,Console,Americas,52.5,7.1,12.1
vendetta,Vendetta,DAMAGE,Emerald,Console,Americas,53.1,3.0,0.3
venture,Venture,DAMAGE,Emerald,Console,Americas,50.3,1.9,0.1
widowmaker,Widowmaker,DAMAGE,Emerald,Console,Americas,53.1,6.2,12.2
anran,Anran,DAMAGE,Emerald,Console,Europe,51.0,6.4,5.4
ashe,Ashe,DAMAGE,Emerald,Console,Europe,52.7,16.7,4.4
bastion,Bastion,DAMAGE,Emerald,Console,Europe,47.7,15.7,15.2
cassidy,Cassidy,DAMAGE,Emerald,Console,Europe,46.7,19.3,5.3
echo,Echo,DAMAGE,Emerald,Console,Europe,49.7,2.8,0.1
emre,Emre,DAMAGE,Emerald,Console,Europe,47.3,7.2,0.2
freja,Freja,DAMAGE,Emerald,Console,Europe,46.2,4.5,3.3
genji,Genji,DAMAGE,Emerald,Console,Europe,51.4,9.5,3.0
hanzo,Hanzo,DAMAGE,Emerald,Console,Europe,50.0,7.5,0.6
junkrat,Junkrat,DAMAGE,Emerald,Console,Europe,51.1,5.8,0.6
mei,Mei,DAMAGE,Emerald,Console,Europe,48.5,6.7,1.4
pharah,Pharah,DAMAGE,Emerald,Console,Europe,49.3,1.8,0.8
reaper,Reaper,DAMAGE,Emerald,Console,Europe,50.9,13.4,2.9
shion,Shion,DAMAGE,Emerald,Console,Europe,50.1,6.5,0.3
sierra,Sierra,DAMAGE,Emerald,Console,Europe,47.9,9.4,3.7
sojourn,Sojourn,DAMAGE,Emerald,Console,Europe,45.8,10.1,0.4
soldier-76,Soldier: 76,DAMAGE,Emerald,Console,Europe,49.7,26.3,2.2
sombra,Sombra,DAMAGE,Emerald,Console,Europe,51.1,3.6,64.8
symmetra,Symmetra,DAMAGE,Emerald,Console,Europe,48.6,2.6,4.1
torbjorn,Torbjörn,DAMAGE,Emerald,Console,Europe,50.8,5.1,1.2
tracer,Tracer,DAMAGE,Emerald,Console,Europe,52.8,8.1,9.9
vendetta,Vendetta,DAMAGE,Emerald,Console,Europe,51.5,2.3,0.2
venture,Venture,DAMAGE,Emerald,Console,Europe,49.2,1.4,0.1
widowmaker,Widowmaker,DAMAGE,Emerald,Console,Europe,52.6,7.2,37.0
anran,Anran,DAMAGE,Emerald,Console,Asia,50.8,9.4,5.5
ashe,Ashe,DAMAGE,Emerald,Console,Asia,51.6,12.0,0.8
bastion,Bastion,DAMAGE,Emerald,Console,Asia,47.9,10.1,6.9
cassidy,Cassidy,DAMAGE,Emerald,Console,Asia,46.8,23.2,4.4
echo,Echo,DAMAGE,Emerald,Console,Asia,50.6,3.3,0.2
emre,Emre,DAMAGE,Emerald,Console,Asia,49.3,6.3,0.2
freja,Freja,DAMAGE,Emerald,Console,Asia,46.2,4.2,19.8
genji,Genji,DAMAGE,Emerald,Console,Asia,50.0,8.9,0.6
hanzo,Hanzo,DAMAGE,Emerald,Console,Asia,48.2,3.2,0.1
junkrat,Junkrat,DAMAGE,Emerald,Console,Asia,51.1,3.9,0.4
mei,Mei,DAMAGE,Emerald,Console,Asia,48.0,6.7,2.6
pharah,Pharah,DAMAGE,Emerald,Console,Asia,49.6,3.0,1.7
reaper,Reaper,DAMAGE,Emerald,Console,Asia,50.6,14.2,3.3
shion,Shion,DAMAGE,Emerald,Console,Asia,50.9,8.9,0.3
sierra,Sierra,DAMAGE,Emerald,Console,Asia,49.9,10.5,2.2
sojourn,Sojourn,DAMAGE,Emerald,Console,Asia,45.2,13.4,0.2
soldier-76,Soldier: 76,DAMAGE,Emerald,Console,Asia,49.4,14.0,1.8
sombra,Sombra,DAMAGE,Emerald,Console,Asia,53.5,4.1,65.2
symmetra,Symmetra,DAMAGE,Emerald,Console,Asia,52.6,3.7,18.3
torbjorn,Torbjörn,DAMAGE,Emerald,Console,Asia,54.1,8.4,2.4
tracer,Tracer,DAMAGE,Emerald,Console,Asia,51.2,16.6,11.0
vendetta,Vendetta,DAMAGE,Emerald,Console,Asia,49.1,5.3,5.0
venture,Venture,DAMAGE,Emerald,Console,Asia,50.8,1.8,0.1
widowmaker,Widowmaker,DAMAGE,Emerald,Console,Asia,52.9,4.9,7.8
anran,Anran,DAMAGE,Diamond,PC,Americas,51.0,5.7,10.1
ashe,Ashe,DAMAGE,Diamond,PC,Americas,52.0,10.8,1.3
bastion,Bastion,DAMAGE,Diamond,PC,Americas,47.1,8.0,4.4
cassidy,Cassidy,DAMAGE,Diamond,PC,Americas,46.2,25.9,14.7
echo,Echo,DAMAGE,Diamond,PC,Americas,50.4,3.9,0.3
emre,Emre,DAMAGE,Diamond,PC,Americas,48.3,6.2,0.2
freja,Freja,DAMAGE,Diamond,PC,Americas,47.6,4.7,44.4
genji,Genji,DAMAGE,Diamond,PC,Americas,51.7,15.9,3.3
hanzo,Hanzo,DAMAGE,Diamond,PC,Americas,50.3,6.4,1.1
junkrat,Junkrat,DAMAGE,Diamond,PC,Americas,53.5,5.6,1.6
mei,Mei,DAMAGE,Diamond,PC,Americas,48.2,5.1,1.1
pharah,Pharah,DAMAGE,Diamond,PC,Americas,54.8,3.6,2.8
reaper,Reaper,DAMAGE,Diamond,PC,Americas,49.3,9.3,1.5
shion,Shion,DAMAGE,Diamond,PC,Americas,50.7,11.3,0.7
sierra,Sierra,DAMAGE,Diamond,PC,Americas,49.5,6.3,2.8
sojourn,Sojourn,DAMAGE,Diamond,PC,Americas,45.5,15.7,2.3
soldier-76,Soldier: 76,DAMAGE,Diamond,PC,Americas,50.4,15.8,0.4
sombra,Sombra,DAMAGE,Diamond,PC,Americas,47.3,4.1,5.0
symmetra,Symmetra,DAMAGE,Diamond,PC,Americas,49.3,1.9,0.9
torbjorn,Torbjörn,DAMAGE,Diamond,PC,Americas,49.5,3.9,0.4
tracer,Tracer,DAMAGE,Diamond,PC,Americas,51.2,16.1,10.4
vendetta,Vendetta,DAMAGE,Diamond,PC,Americas,54.3,5.2,3.1
venture,Venture,DAMAGE,Diamond,PC,Americas,50.7,2.3,0.4
widowmaker,Widowmaker,DAMAGE,Diamond,PC,Americas,51.1,6.1,9.7
anran,Anran,DAMAGE,Diamond,PC,Europe,51.7,5.6,7.5
ashe,Ashe,DAMAGE,Diamond,PC,Europe,52.1,12.2,1.1
bastion,Bastion,DAMAGE,Diamond,PC,Europe,47.0,9.2,5.4
cassidy,Cassidy,DAMAGE,Diamond,PC,Europe,45.7,25.9,15.4
echo,Echo,DAMAGE,Diamond,PC,Europe,50.8,4.8,0.4
emre,Emre,DAMAGE,Diamond,PC,Europe,48.6,6.0,0.1
freja,Freja,DAMAGE,Diamond,PC,Europe,46.6,5.2,46.0
genji,Genji,DAMAGE,Diamond,PC,Europe,51.4,15.9,3.4
hanzo,Hanzo,DAMAGE,Diamond,PC,Europe,49.9,7.4,1.9
junkrat,Junkrat,DAMAGE,Diamond,PC,Europe,52.4,5.2,1.3
mei,Mei,DAMAGE,Diamond,PC,Europe,48.4,4.6,0.7
pharah,Pharah,DAMAGE,Diamond,PC,Europe,52.6,4.5,5.5
reaper,Reaper,DAMAGE,Diamond,PC,Europe,49.8,7.7,1.0
shion,Shion,DAMAGE,Diamond,PC,Europe,50.4,10.0,0.6
sierra,Sierra,DAMAGE,Diamond,PC,Europe,47.4,6.0,2.0
sojourn,Sojourn,DAMAGE,Diamond,PC,Europe,47.0,15.9,1.6
soldier-76,Soldier: 76,DAMAGE,Diamond,PC,Europe,50.5,15.3,0.3
sombra,Sombra,DAMAGE,Diamond,PC,Europe,46.8,3.9,3.3
symmetra,Symmetra,DAMAGE,Diamond,PC,Europe,50.0,1.6,0.7
torbjorn,Torbjörn,DAMAGE,Diamond,PC,Europe,50.8,3.7,0.4
tracer,Tracer,DAMAGE,Diamond,PC,Europe,52.0,14.5,11.5
vendetta,Vendetta,DAMAGE,Diamond,PC,Europe,53.4,4.9,2.7
venture,Venture,DAMAGE,Diamond,PC,Europe,51.7,2.0,0.2
widowmaker,Widowmaker,DAMAGE,Diamond,PC,Europe,51.8,7.9,12.6
anran,Anran,DAMAGE,Diamond,PC,Asia,51.9,6.4,2.0
ashe,Ashe,DAMAGE,Diamond,PC,Asia,51.4,6.9,0.1
bastion,Bastion,DAMAGE,Diamond,PC,Asia,49.2,5.3,1.2
cassidy,Cassidy,DAMAGE,Diamond,PC,Asia,48.1,33.2,8.1
echo,Echo,DAMAGE,Diamond,PC,Asia,51.1,5.4,0.6
emre,Emre,DAMAGE,Diamond,PC,Asia,51.1,6.3,0.1
freja,Freja,DAMAGE,Diamond,PC,Asia,46.0,4.8,49.5
genji,Genji,DAMAGE,Diamond,PC,Asia,50.0,12.4,0.2
hanzo,Hanzo,DAMAGE,Diamond,PC,Asia,47.1,3.5,0.3
junkrat,Junkrat,DAMAGE,Diamond,PC,Asia,49.9,4.4,0.3
mei,Mei,DAMAGE,Diamond,PC,Asia,48.2,4.6,1.6
pharah,Pharah,DAMAGE,Diamond,PC,Asia,53.4,6.9,33.6
reaper,Reaper,DAMAGE,Diamond,PC,Asia,49.4,12.0,3.0
shion,Shion,DAMAGE,Diamond,PC,Asia,51.3,12.5,0.4
sierra,Sierra,DAMAGE,Diamond,PC,Asia,47.6,5.9,1.1
sojourn,Sojourn,DAMAGE,Diamond,PC,Asia,47.2,14.0,0.1
soldier-76,Soldier: 76,DAMAGE,Diamond,PC,Asia,51.0,8.3,0.5
sombra,Sombra,DAMAGE,Diamond,PC,Asia,47.4,4.4,3.0
symmetra,Symmetra,DAMAGE,Diamond,PC,Asia,52.0,3.0,1.3
torbjorn,Torbjörn,DAMAGE,Diamond,PC,Asia,49.6,6.2,0.9
tracer,Tracer,DAMAGE,Diamond,PC,Asia,51.1,20.3,3.9
vendetta,Vendetta,DAMAGE,Diamond,PC,Asia,51.3,6.6,27.8
venture,Venture,DAMAGE,Diamond,PC,Asia,52.7,2.9,0.2
widowmaker,Widowmaker,DAMAGE,Diamond,PC,Asia,47.1,3.6,1.6
anran,Anran,DAMAGE,Diamond,Console,Americas,50.1,7.2,8.1
ashe,Ashe,DAMAGE,Diamond,Console,Americas,52.8,15.8,5.0
bastion,Bastion,DAMAGE,Diamond,Console,Americas,46.8,13.3,13.0
cassidy,Cassidy,DAMAGE,Diamond,Console,Americas,46.3,20.9,8.6
echo,Echo,DAMAGE,Diamond,Console,Americas,50.8,3.1,0.1
emre,Emre,DAMAGE,Diamond,Console,Americas,47.1,7.9,0.2
freja,Freja,DAMAGE,Diamond,Console,Americas,48.3,4.8,4.9
genji,Genji,DAMAGE,Diamond,Console,Americas,52.1,10.7,1.9
hanzo,Hanzo,DAMAGE,Diamond,Console,Americas,51.1,5.5,0.3
junkrat,Junkrat,DAMAGE,Diamond,Console,Americas,51.3,4.6,0.6
mei,Mei,DAMAGE,Diamond,Console,Americas,48.2,6.5,1.0
pharah,Pharah,DAMAGE,Diamond,Console,Americas,50.9,1.1,0.1
reaper,Reaper,DAMAGE,Diamond,Console,Americas,49.6,12.1,1.2
shion,Shion,DAMAGE,Diamond,Console,Americas,50.1,8.8,0.3
sierra,Sierra,DAMAGE,Diamond,Console,Americas,46.3,7.5,4.3
sojourn,Sojourn,DAMAGE,Diamond,Console,Americas,45.6,11.0,0.9
soldier-76,Soldier: 76,DAMAGE,Diamond,Console,Americas,50.3,25.5,2.5
sombra,Sombra,DAMAGE,Diamond,Console,Americas,50.2,4.8,58.5
symmetra,Symmetra,DAMAGE,Diamond,Console,Americas,48.9,2.6,4.6
torbjorn,Torbjörn,DAMAGE,Diamond,Console,Americas,50.3,4.7,1.2
tracer,Tracer,DAMAGE,Diamond,Console,Americas,53.3,9.8,20.6
vendetta,Vendetta,DAMAGE,Diamond,Console,Americas,52.4,3.1,0.2
venture,Venture,DAMAGE,Diamond,Console,Americas,50.2,1.7,0.1
widowmaker,Widowmaker,DAMAGE,Diamond,Console,Americas,53.7,6.7,19.4
anran,Anran,DAMAGE,Diamond,Console,Europe,50.4,5.6,3.1
ashe,Ashe,DAMAGE,Diamond,Console,Europe,54.1,18.7,3.8
bastion,Bastion,DAMAGE,Diamond,Console,Europe,46.9,14.4,14.0
cassidy,Cassidy,DAMAGE,Diamond,Console,Europe,46.1,22.6,8.5
echo,Echo,DAMAGE,Diamond,Console,Europe,52.1,2.4,0.1
emre,Emre,DAMAGE,Diamond,Console,Europe,47.8,7.2,0.1
freja,Freja,DAMAGE,Diamond,Console,Europe,46.8,4.2,3.0
genji,Genji,DAMAGE,Diamond,Console,Europe,49.7,10.9,1.6
hanzo,Hanzo,DAMAGE,Diamond,Console,Europe,49.2,6.3,0.2
junkrat,Junkrat,DAMAGE,Diamond,Console,Europe,51.9,3.8,0.3
mei,Mei,DAMAGE,Diamond,Console,Europe,46.9,4.8,0.6
pharah,Pharah,DAMAGE,Diamond,Console,Europe,50.2,1.5,0.2
reaper,Reaper,DAMAGE,Diamond,Console,Europe,51.0,12.7,3.2
shion,Shion,DAMAGE,Diamond,Console,Europe,50.5,6.9,0.2
sierra,Sierra,DAMAGE,Diamond,Console,Europe,48.3,6.2,1.0
sojourn,Sojourn,DAMAGE,Diamond,Console,Europe,45.3,11.4,0.5
soldier-76,Soldier: 76,DAMAGE,Diamond,Console,Europe,49.8,27.9,2.3
sombra,Sombra,DAMAGE,Diamond,Console,Europe,49.4,4.5,49.5
symmetra,Symmetra,DAMAGE,Diamond,Console,Europe,49.1,1.9,1.9
torbjorn,Torbjörn,DAMAGE,Diamond,Console,Europe,52.3,3.7,0.5
tracer,Tracer,DAMAGE,Diamond,Console,Europe,53.7,11.2,12.7
vendetta,Vendetta,DAMAGE,Diamond,Console,Europe,50.4,2.4,0.2
venture,Venture,DAMAGE,Diamond,Console,Europe,51.7,1.3,0.1
widowmaker,Widowmaker,DAMAGE,Diamond,Console,Europe,53.7,7.5,43.8
anran,Anran,DAMAGE,Diamond,Console,Asia,46.1,7.1,3.4
ashe,Ashe,DAMAGE,Diamond,Console,Asia,53.0,12.2,0.5
bastion,Bastion,DAMAGE,Diamond,Console,Asia,49.4,9.4,6.2
cassidy,Cassidy,DAMAGE,Diamond,Console,Asia,47.0,27.4,7.1
echo,Echo,DAMAGE,Diamond,Console,Asia,53.5,3.2,0.1
emre,Emre,DAMAGE,Diamond,Console,Asia,48.2,6.6,0.1
freja,Freja,DAMAGE,Diamond,Console,Asia,47.1,3.7,19.8
genji,Genji,DAMAGE,Diamond,Console,Asia,48.2,9.9,0.5
hanzo,Hanzo,DAMAGE,Diamond,Console,Asia,50.0,2.7,0.1
junkrat,Junkrat,DAMAGE,Diamond,Console,Asia,51.2,3.1,0.2
mei,Mei,DAMAGE,Diamond,Console,Asia,47.8,5.0,1.5
pharah,Pharah,DAMAGE,Diamond,Console,Asia,52.3,2.9,1.3
reaper,Reaper,DAMAGE,Diamond,Console,Asia,51.6,14.4,5.3
shion,Shion,DAMAGE,Diamond,Console,Asia,52.7,10.1,0.3
sierra,Sierra,DAMAGE,Diamond,Console,Asia,49.4,6.6,1.0
sojourn,Sojourn,DAMAGE,Diamond,Console,Asia,45.8,13.8,0.2
soldier-76,Soldier: 76,DAMAGE,Diamond,Console,Asia,49.8,13.4,3.0
sombra,Sombra,DAMAGE,Diamond,Console,Asia,52.3,4.9,57.2
symmetra,Symmetra,DAMAGE,Diamond,Console,Asia,49.7,3.3,11.0
torbjorn,Torbjörn,DAMAGE,Diamond,Console,Asia,50.8,6.6,2.2
tracer,Tracer,DAMAGE,Diamond,Console,Asia,51.1,22.3,10.4
vendetta,Vendetta,DAMAGE,Diamond,Console,Asia,48.6,4.6,5.5
venture,Venture,DAMAGE,Diamond,Console,Asia,51.7,2.2,0.1
widowmaker,Widowmaker,DAMAGE,Diamond,Console,Asia,54.5,4.5,11.8
anran,Anran,DAMAGE,Master,PC,Americas,50.7,3.9,2.9
ashe,Ashe,DAMAGE,Master,PC,Americas,53.0,9.7,0.6
bastion,Bastion,DAMAGE,Master,PC,Americas,48.2,6.3,2.7
cassidy,Cassidy,DAMAGE,Master,PC,Americas,47.8,27.7,17.6
echo,Echo,DAMAGE,Master,PC,Americas,50.3,4.2,0.4
emre,Emre,DAMAGE,Master,PC,Americas,48.9,6.1,0.1
freja,Freja,DAMAGE,Master,PC,Americas,48.7,5.5,49.3
genji,Genji,DAMAGE,Master,PC,Americas,50.4,15.5,2.0
hanzo,Hanzo,DAMAGE,Master,PC,Americas,51.0,4.8,0.6
junkrat,Junkrat,DAMAGE,Master,PC,Americas,51.1,3.6,0.8
mei,Mei,DAMAGE,Master,PC,Americas,51.1,4.2,0.5
pharah,Pharah,DAMAGE,Master,PC,Americas,54.4,3.9,2.7
reaper,Reaper,DAMAGE,Master,PC,Americas,48.6,9.0,1.8
shion,Shion,DAMAGE,Master,PC,Americas,50.5,14.9,0.8
sierra,Sierra,DAMAGE,Master,PC,Americas,46.5,3.9,0.7
sojourn,Sojourn,DAMAGE,Master,PC,Americas,46.4,19.0,1.9
soldier-76,Soldier: 76,DAMAGE,Master,PC,Americas,49.9,13.4,0.3
sombra,Sombra,DAMAGE,Master,PC,Americas,48.5,3.3,1.0
symmetra,Symmetra,DAMAGE,Master,PC,Americas,51.1,1.9,0.6
torbjorn,Torbjörn,DAMAGE,Master,PC,Americas,49.3,4.1,0.3
tracer,Tracer,DAMAGE,Master,PC,Americas,51.8,21.9,13.8
vendetta,Vendetta,DAMAGE,Master,PC,Americas,53.3,4.8,3.2
venture,Venture,DAMAGE,Master,PC,Americas,51.9,1.7,0.2
widowmaker,Widowmaker,DAMAGE,Master,PC,Americas,48.6,6.6,9.6
anran,Anran,DAMAGE,Master,PC,Europe,50.0,3.5,2.0
ashe,Ashe,DAMAGE,Master,PC,Europe,53.7,10.0,0.3
bastion,Bastion,DAMAGE,Master,PC,Europe,48.7,7.9,4.2
cassidy,Cassidy,DAMAGE,Master,PC,Europe,46.4,28.1,19.1
echo,Echo,DAMAGE,Master,PC,Europe,49.8,5.6,0.4
emre,Emre,DAMAGE,Master,PC,Europe,46.6,4.8,0.1
freja,Freja,DAMAGE,Master,PC,Europe,45.6,5.4,48.4
genji,Genji,DAMAGE,Master,PC,Europe,50.8,15.0,1.5
hanzo,Hanzo,DAMAGE,Master,PC,Europe,48.7,5.6,0.7
junkrat,Junkrat,DAMAGE,Master,PC,Europe,53.0,4.2,1.0
mei,Mei,DAMAGE,Master,PC,Europe,49.5,3.6,0.3
pharah,Pharah,DAMAGE,Master,PC,Europe,53.0,5.4,4.2
reaper,Reaper,DAMAGE,Master,PC,Europe,50.5,7.7,0.7
shion,Shion,DAMAGE,Master,PC,Europe,50.9,13.5,0.7
sierra,Sierra,DAMAGE,Master,PC,Europe,48.6,3.5,0.4
sojourn,Sojourn,DAMAGE,Master,PC,Europe,46.6,17.7,1.2
soldier-76,Soldier: 76,DAMAGE,Master,PC,Europe,51.5,14.0,0.4
sombra,Sombra,DAMAGE,Master,PC,Europe,46.4,3.2,0.7
symmetra,Symmetra,DAMAGE,Master,PC,Europe,51.3,1.3,0.4
torbjorn,Torbjörn,DAMAGE,Master,PC,Europe,49.7,3.5,0.2
tracer,Tracer,DAMAGE,Master,PC,Europe,51.1,21.5,18.8
vendetta,Vendetta,DAMAGE,Master,PC,Europe,54.6,4.7,1.9
venture,Venture,DAMAGE,Master,PC,Europe,51.3,1.9,0.2
widowmaker,Widowmaker,DAMAGE,Master,PC,Europe,50.9,8.3,11.1
anran,Anran,DAMAGE,Master,PC,Asia,54.2,4.8,1.0
ashe,Ashe,DAMAGE,Master,PC,Asia,51.1,6.5,0.1
bastion,Bastion,DAMAGE,Master,PC,Asia,45.7,4.8,0.7
cassidy,Cassidy,DAMAGE,Master,PC,Asia,50.2,35.1,12.2
echo,Echo,DAMAGE,Master,PC,Asia,49.9,5.5,0.5
emre,Emre,DAMAGE,Master,PC,Asia,49.7,6.8,0.1
freja,Freja,DAMAGE,Master,PC,Asia,46.7,4.2,50.9
genji,Genji,DAMAGE,Master,PC,Asia,50.7,12.0,0.3
hanzo,Hanzo,DAMAGE,Master,PC,Asia,51.3,3.4,0.1
junkrat,Junkrat,DAMAGE,Master,PC,Asia,52.7,4.5,0.2
mei,Mei,DAMAGE,Master,PC,Asia,48.6,4.2,0.8
pharah,Pharah,DAMAGE,Master,PC,Asia,51.6,6.1,29.2
reaper,Reaper,DAMAGE,Master,PC,Asia,49.6,10.4,3.7
shion,Shion,DAMAGE,Master,PC,Asia,50.4,15.6,0.5
sierra,Sierra,DAMAGE,Master,PC,Asia,45.7,3.1,0.7
sojourn,Sojourn,DAMAGE,Master,PC,Asia,47.1,14.8,0.2
soldier-76,Soldier: 76,DAMAGE,Master,PC,Asia,51.3,7.7,0.5
sombra,Sombra,DAMAGE,Master,PC,Asia,45.0,3.6,1.1
symmetra,Symmetra,DAMAGE,Master,PC,Asia,54.4,3.5,0.2
torbjorn,Torbjörn,DAMAGE,Master,PC,Asia,48.5,5.8,0.4
tracer,Tracer,DAMAGE,Master,PC,Asia,50.2,23.7,5.2
vendetta,Vendetta,DAMAGE,Master,PC,Asia,51.7,6.7,24.7
venture,Venture,DAMAGE,Master,PC,Asia,47.6,3.4,0.1
widowmaker,Widowmaker,DAMAGE,Master,PC,Asia,43.5,3.9,1.9
anran,Anran,DAMAGE,Master,Console,Americas,51.2,5.7,2.9
ashe,Ashe,DAMAGE,Master,Console,Americas,54.9,16.9,5.0
bastion,Bastion,DAMAGE,Master,Console,Americas,47.7,13.3,12.0
cassidy,Cassidy,DAMAGE,Master,Console,Americas,45.6,22.9,11.1
echo,Echo,DAMAGE,Master,Console,Americas,48.9,2.7,0.0
emre,Emre,DAMAGE,Master,Console,Americas,47.1,7.4,0.1
freja,Freja,DAMAGE,Master,Console,Americas,47.6,4.9,3.7
genji,Genji,DAMAGE,Master,Console,Americas,51.2,11.5,0.9
hanzo,Hanzo,DAMAGE,Master,Console,Americas,48.2,4.2,0.2
junkrat,Junkrat,DAMAGE,Master,Console,Americas,53.3,3.2,0.2
mei,Mei,DAMAGE,Master,Console,Americas,47.7,4.5,0.3
pharah,Pharah,DAMAGE,Master,Console,Americas,56.3,0.9,0.2
reaper,Reaper,DAMAGE,Master,Console,Americas,49.8,11.3,1.2
shion,Shion,DAMAGE,Master,Console,Americas,49.9,9.8,0.2
sierra,Sierra,DAMAGE,Master,Console,Americas,45.6,4.4,0.7
sojourn,Sojourn,DAMAGE,Master,Console,Americas,44.4,12.4,0.7
soldier-76,Soldier: 76,DAMAGE,Master,Console,Americas,51.3,28.8,3.0
sombra,Sombra,DAMAGE,Master,Console,Americas,48.5,5.8,37.3
symmetra,Symmetra,DAMAGE,Master,Console,Americas,47.5,2.0,1.9
torbjorn,Torbjörn,DAMAGE,Master,Console,Americas,49.8,4.0,0.3
tracer,Tracer,DAMAGE,Master,Console,Americas,56.1,13.2,36.3
vendetta,Vendetta,DAMAGE,Master,Console,Americas,48.9,2.6,0.2
venture,Venture,DAMAGE,Master,Console,Americas,45.6,1.3,0.2
widowmaker,Widowmaker,DAMAGE,Master,Console,Americas,53.6,6.4,26.4
anran,Anran,DAMAGE,Master,Console,Europe,50.0,4.0,1.0
ashe,Ashe,DAMAGE,Master,Console,Europe,55.5,20.9,3.4
bastion,Bastion,DAMAGE,Master,Console,Europe,49.2,13.7,15.9
cassidy,Cassidy,DAMAGE,Master,Console,Europe,44.5,24.5,11.6
echo,Echo,DAMAGE,Master,Console,Europe,52.1,1.9,0.0
emre,Emre,DAMAGE,Master,Console,Europe,44.9,5.2,0.1
freja,Freja,DAMAGE,Master,Console,Europe,45.8,3.4,1.7
genji,Genji,DAMAGE,Master,Console,Europe,49.7,11.0,0.9
hanzo,Hanzo,DAMAGE,Master,Console,Europe,49.7,5.0,0.1
junkrat,Junkrat,DAMAGE,Master,Console,Europe,53.8,2.7,0.2
mei,Mei,DAMAGE,Master,Console,Europe,49.4,3.2,0.2
pharah,Pharah,DAMAGE,Master,Console,Europe,48.6,1.3,0.1
reaper,Reaper,DAMAGE,Master,Console,Europe,49.4,13.3,5.2
shion,Shion,DAMAGE,Master,Console,Europe,49.4,7.3,0.2
sierra,Sierra,DAMAGE,Master,Console,Europe,45.3,2.9,0.2
sojourn,Sojourn,DAMAGE,Master,Console,Europe,45.3,12.8,0.5
soldier-76,Soldier: 76,DAMAGE,Master,Console,Europe,51.1,32.0,2.9
sombra,Sombra,DAMAGE,Master,Console,Europe,46.9,5.3,31.0
symmetra,Symmetra,DAMAGE,Master,Console,Europe,50.4,1.5,0.8
torbjorn,Torbjörn,DAMAGE,Master,Console,Europe,48.9,2.6,0.3
tracer,Tracer,DAMAGE,Master,Console,Europe,53.5,15.8,21.5
vendetta,Vendetta,DAMAGE,Master,Console,Europe,48.6,1.7,0.1
venture,Venture,DAMAGE,Master,Console,Europe,50.0,1.0,0.1
widowmaker,Widowmaker,DAMAGE,Master,Console,Europe,55.0,7.0,46.5
anran,Anran,DAMAGE,Master,Console,Asia,50.1,5.4,1.6
ashe,Ashe,DAMAGE,Master,Console,Asia,58.1,11.1,0.4
bastion,Bastion,DAMAGE,Master,Console,Asia,47.6,9.6,8.1
cassidy,Cassidy,DAMAGE,Master,Console,Asia,46.8,30.3,10.5
echo,Echo,DAMAGE,Master,Console,Asia,48.2,2.3,0.1
emre,Emre,DAMAGE,Master,Console,Asia,47.4,6.5,0.1
freja,Freja,DAMAGE,Master,Console,Asia,46.2,3.1,21.3
genji,Genji,DAMAGE,Master,Console,Asia,48.5,8.1,0.3
hanzo,Hanzo,DAMAGE,Master,Console,Asia,40.9,2.5,0.0
junkrat,Junkrat,DAMAGE,Master,Console,Asia,49.7,3.0,0.4
mei,Mei,DAMAGE,Master,Console,Asia,43.5,3.9,1.6
pharah,Pharah,DAMAGE,Master,Console,Asia,53.4,2.4,0.6
reaper,Reaper,DAMAGE,Master,Console,Asia,47.6,13.6,8.5
shion,Shion,DAMAGE,Master,Console,Asia,51.3,12.7,0.6
sierra,Sierra,DAMAGE,Master,Console,Asia,41.6,3.4,0.3
sojourn,Sojourn,DAMAGE,Master,Console,Asia,48.9,15.4,1.2
soldier-76,Soldier: 76,DAMAGE,Master,Console,Asia,51.1,11.6,6.7
sombra,Sombra,DAMAGE,Master,Console,Asia,52.3,5.9,46.1
symmetra,Symmetra,DAMAGE,Master,Console,Asia,53.9,3.3,5.4
torbjorn,Torbjörn,DAMAGE,Master,Console,Asia,57.2,7.2,1.5
tracer,Tracer,DAMAGE,Master,Console,Asia,52.1,27.9,11.1
vendetta,Vendetta,DAMAGE,Master,Console,Asia,48.6,4.2,5.1
venture,Venture,DAMAGE,Master,Console,Asia,44.0,2.2,0.1
widowmaker,Widowmaker,DAMAGE,Master,Console,Asia,54.1,4.4,15.2
anran,Anran,DAMAGE,Grandmaster,PC,Americas,50.0,3.1,0.4
ashe,Ashe,DAMAGE,Grandmaster,PC,Americas,52.9,7.2,0.1
bastion,Bastion,DAMAGE,Grandmaster,PC,Americas,48.0,5.2,2.0
cassidy,Cassidy,DAMAGE,Grandmaster,PC,Americas,49.6,28.7,21.7
echo,Echo,DAMAGE,Grandmaster,PC,Americas,52.6,4.4,0.2
emre,Emre,DAMAGE,Grandmaster,PC,Americas,49.0,5.5,0.1
freja,Freja,DAMAGE,Grandmaster,PC,Americas,45.9,5.6,45.6
genji,Genji,DAMAGE,Grandmaster,PC,Americas,48.3,11.8,0.6
hanzo,Hanzo,DAMAGE,Grandmaster,PC,Americas,48.6,3.9,0.4
junkrat,Junkrat,DAMAGE,Grandmaster,PC,Americas,51.0,4.3,1.5
mei,Mei,DAMAGE,Grandmaster,PC,Americas,47.7,2.9,0.5
pharah,Pharah,DAMAGE,Grandmaster,PC,Americas,55.8,3.8,3.0
reaper,Reaper,DAMAGE,Grandmaster,PC,Americas,48.5,9.5,1.8
shion,Shion,DAMAGE,Grandmaster,PC,Americas,49.1,19.1,1.1
sierra,Sierra,DAMAGE,Grandmaster,PC,Americas,44.5,1.7,0.4
sojourn,Sojourn,DAMAGE,Grandmaster,PC,Americas,48.3,20.5,0.9
soldier-76,Soldier: 76,DAMAGE,Grandmaster,PC,Americas,53.5,9.6,0.9
sombra,Sombra,DAMAGE,Grandmaster,PC,Americas,45.7,2.0,0.1
symmetra,Symmetra,DAMAGE,Grandmaster,PC,Americas,52.4,1.6,0.2
torbjorn,Torbjörn,DAMAGE,Grandmaster,PC,Americas,47.2,4.7,0.5
tracer,Tracer,DAMAGE,Grandmaster,PC,Americas,51.3,29.8,13.8
vendetta,Vendetta,DAMAGE,Grandmaster,PC,Americas,53.0,6.5,5.5
venture,Venture,DAMAGE,Grandmaster,PC,Americas,50.6,1.6,0.3
widowmaker,Widowmaker,DAMAGE,Grandmaster,PC,Americas,49.6,7.2,8.0
anran,Anran,DAMAGE,Grandmaster,PC,Europe,48.3,1.9,0.3
ashe,Ashe,DAMAGE,Grandmaster,PC,Europe,52.1,6.5,0.2
bastion,Bastion,DAMAGE,Grandmaster,PC,Europe,49.9,7.0,3.7
cassidy,Cassidy,DAMAGE,Grandmaster,PC,Europe,47.1,26.2,25.1
echo,Echo,DAMAGE,Grandmaster,PC,Europe,48.3,5.8,0.3
emre,Emre,DAMAGE,Grandmaster,PC,Europe,47.7,4.4,0.1
freja,Freja,DAMAGE,Grandmaster,PC,Europe,46.2,6.8,41.1
genji,Genji,DAMAGE,Grandmaster,PC,Europe,50.8,11.3,0.6
hanzo,Hanzo,DAMAGE,Grandmaster,PC,Europe,46.9,3.8,0.2
junkrat,Junkrat,DAMAGE,Grandmaster,PC,Europe,53.3,4.8,1.2
mei,Mei,DAMAGE,Grandmaster,PC,Europe,47.3,3.0,0.2
pharah,Pharah,DAMAGE,Grandmaster,PC,Europe,51.5,5.7,4.3
reaper,Reaper,DAMAGE,Grandmaster,PC,Europe,50.1,8.1,0.9
shion,Shion,DAMAGE,Grandmaster,PC,Europe,50.4,20.2,1.5
sierra,Sierra,DAMAGE,Grandmaster,PC,Europe,47.4,2.2,0.2
sojourn,Sojourn,DAMAGE,Grandmaster,PC,Europe,47.0,20.3,0.9
soldier-76,Soldier: 76,DAMAGE,Grandmaster,PC,Europe,52.2,10.5,0.4
sombra,Sombra,DAMAGE,Grandmaster,PC,Europe,45.0,2.2,0.2
symmetra,Symmetra,DAMAGE,Grandmaster,PC,Europe,52.0,2.1,0.4
torbjorn,Torbjörn,DAMAGE,Grandmaster,PC,Europe,49.5,4.1,0.2
tracer,Tracer,DAMAGE,Grandmaster,PC,Europe,54.0,28.2,25.3
vendetta,Vendetta,DAMAGE,Grandmaster,PC,Europe,51.4,3.7,2.6
venture,Venture,DAMAGE,Grandmaster,PC,Europe,51.2,2.5,0.5
widowmaker,Widowmaker,DAMAGE,Grandmaster,PC,Europe,48.2,8.5,8.4
anran,Anran,DAMAGE,Grandmaster,PC,Asia,44.7,2.7,0.4
ashe,Ashe,DAMAGE,Grandmaster,PC,Asia,54.4,5.8,0.0
bastion,Bastion,DAMAGE,Grandmaster,PC,Asia,49.4,4.5,0.3
cassidy,Cassidy,DAMAGE,Grandmaster,PC,Asia,46.3,36.5,9.6
echo,Echo,DAMAGE,Grandmaster,PC,Asia,50.6,5.8,0.1
emre,Emre,DAMAGE,Grandmaster,PC,Asia,52.7,5.5,0.1
freja,Freja,DAMAGE,Grandmaster,PC,Asia,52.2,5.3,46.0
genji,Genji,DAMAGE,Grandmaster,PC,Asia,43.5,11.3,0.6
hanzo,Hanzo,DAMAGE,Grandmaster,PC,Asia,51.7,4.2,0.3
junkrat,Junkrat,DAMAGE,Grandmaster,PC,Asia,57.6,2.4,0.1
mei,Mei,DAMAGE,Grandmaster,PC,Asia,47.7,5.4,1.5
pharah,Pharah,DAMAGE,Grandmaster,PC,Asia,54.2,9.3,18.3
reaper,Reaper,DAMAGE,Grandmaster,PC,Asia,49.4,7.1,2.7
shion,Shion,DAMAGE,Grandmaster,PC,Asia,48.7,19.8,1.2
sierra,Sierra,DAMAGE,Grandmaster,PC,Asia,33.2,1.0,0.2
sojourn,Sojourn,DAMAGE,Grandmaster,PC,Asia,51.2,17.7,0.3
soldier-76,Soldier: 76,DAMAGE,Grandmaster,PC,Asia,53.4,4.5,0.0
sombra,Sombra,DAMAGE,Grandmaster,PC,Asia,39.8,2.8,0.2
symmetra,Symmetra,DAMAGE,Grandmaster,PC,Asia,45.5,4.7,0.8
torbjorn,Torbjörn,DAMAGE,Grandmaster,PC,Asia,43.3,4.3,0.2
tracer,Tracer,DAMAGE,Grandmaster,PC,Asia,54.5,27.1,6.3
vendetta,Vendetta,DAMAGE,Grandmaster,PC,Asia,51.3,5.7,15.5
venture,Venture,DAMAGE,Grandmaster,PC,Asia,53.8,2.0,0.0
widowmaker,Widowmaker,DAMAGE,Grandmaster,PC,Asia,49.0,5.5,3.2
anran,Anran,DAMAGE,Grandmaster,Console,Americas,49.3,3.7,0.4
ashe,Ashe,DAMAGE,Grandmaster,Console,Americas,54.3,17.9,4.8
bastion,Bastion,DAMAGE,Grandmaster,Console,Americas,50.0,15.2,14.1
cassidy,Cassidy,DAMAGE,Grandmaster,Console,Americas,44.5,21.3,13.8
echo,Echo,DAMAGE,Grandmaster,Console,Americas,48.9,2.8,0.1
emre,Emre,DAMAGE,Grandmaster,Console,Americas,44.5,5.9,0.0
freja,Freja,DAMAGE,Grandmaster,Console,Americas,48.0,4.5,1.5
genji,Genji,DAMAGE,Grandmaster,Console,Americas,51.1,9.8,0.4
hanzo,Hanzo,DAMAGE,Grandmaster,Console,Americas,44.0,2.7,0.1
junkrat,Junkrat,DAMAGE,Grandmaster,Console,Americas,46.9,2.8,0.2
mei,Mei,DAMAGE,Grandmaster,Console,Americas,45.5,3.2,0.1
pharah,Pharah,DAMAGE,Grandmaster,Console,Americas,55.0,0.6,0.0
reaper,Reaper,DAMAGE,Grandmaster,Console,Americas,50.1,10.5,2.1
shion,Shion,DAMAGE,Grandmaster,Console,Americas,50.9,11.0,0.1
sierra,Sierra,DAMAGE,Grandmaster,Console,Americas,41.5,2.2,0.1
sojourn,Sojourn,DAMAGE,Grandmaster,Console,Americas,44.2,14.7,0.4
soldier-76,Soldier: 76,DAMAGE,Grandmaster,Console,Americas,51.4,31.4,6.5
sombra,Sombra,DAMAGE,Grandmaster,Console,Americas,51.8,7.6,19.9
symmetra,Symmetra,DAMAGE,Grandmaster,Console,Americas,46.7,1.6,0.4
torbjorn,Torbjörn,DAMAGE,Grandmaster,Console,Americas,46.5,4.3,0.0
tracer,Tracer,DAMAGE,Grandmaster,Console,Americas,57.7,18.0,54.1
vendetta,Vendetta,DAMAGE,Grandmaster,Console,Americas,51.4,1.6,0.1
venture,Venture,DAMAGE,Grandmaster,Console,Americas,52.8,1.5,0.1
widowmaker,Widowmaker,DAMAGE,Grandmaster,Console,Americas,54.3,5.2,26.7
anran,Anran,DAMAGE,Grandmaster,Console,Europe,48.4,3.2,0.2
ashe,Ashe,DAMAGE,Grandmaster,Console,Europe,55.9,23.9,2.1
bastion,Bastion,DAMAGE,Grandmaster,Console,Europe,47.9,14.9,18.1
cassidy,Cassidy,DAMAGE,Grandmaster,Console,Europe,43.6,22.2,20.2
echo,Echo,DAMAGE,Grandmaster,Console,Europe,48.8,1.2,0.0
emre,Emre,DAMAGE,Grandmaster,Console,Europe,44.0,4.0,0.1
freja,Freja,DAMAGE,Grandmaster,Console,Europe,45.5,2.9,0.5
genji,Genji,DAMAGE,Grandmaster,Console,Europe,48.8,8.5,0.4
hanzo,Hanzo,DAMAGE,Grandmaster,Console,Europe,47.9,4.7,0.2
junkrat,Junkrat,DAMAGE,Grandmaster,Console,Europe,52.7,3.0,0.2
mei,Mei,DAMAGE,Grandmaster,Console,Europe,50.3,2.5,0.1
pharah,Pharah,DAMAGE,Grandmaster,Console,Europe,50.2,1.7,0.1
reaper,Reaper,DAMAGE,Grandmaster,Console,Europe,48.8,15.0,12.3
shion,Shion,DAMAGE,Grandmaster,Console,Europe,49.4,7.2,0.0
sierra,Sierra,DAMAGE,Grandmaster,Console,Europe,44.8,1.1,0.0
sojourn,Sojourn,DAMAGE,Grandmaster,Console,Europe,44.5,13.7,0.3
soldier-76,Soldier: 76,DAMAGE,Grandmaster,Console,Europe,51.3,29.4,7.3
sombra,Sombra,DAMAGE,Grandmaster,Console,Europe,49.6,6.2,10.5
symmetra,Symmetra,DAMAGE,Grandmaster,Console,Europe,51.3,1.6,0.4
torbjorn,Torbjörn,DAMAGE,Grandmaster,Console,Europe,45.7,2.7,0.1
tracer,Tracer,DAMAGE,Grandmaster,Console,Europe,55.3,20.8,33.1
vendetta,Vendetta,DAMAGE,Grandmaster,Console,Europe,47.7,1.4,0.2
venture,Venture,DAMAGE,Grandmaster,Console,Europe,61.9,1.9,0.1
widowmaker,Widowmaker,DAMAGE,Grandmaster,Console,Europe,51.1,6.5,43.5
anran,Anran,DAMAGE,Grandmaster,Console,Asia,55.2,3.9,0.0
ashe,Ashe,DAMAGE,Grandmaster,Console,Asia,51.5,10.3,0.4
bastion,Bastion,DAMAGE,Grandmaster,Console,Asia,54.1,11.2,10.4
cassidy,Cassidy,DAMAGE,Grandmaster,Console,Asia,51.3,29.1,21.7
echo,Echo,DAMAGE,Grandmaster,Console,Asia,65.4,3.1,0.0
emre,Emre,DAMAGE,Grandmaster,Console,Asia,47.3,6.8,0.5
freja,Freja,DAMAGE,Grandmaster,Console,Asia,44.3,4.1,10.4
genji,Genji,DAMAGE,Grandmaster,Console,Asia,44.3,4.8,0.0
hanzo,Hanzo,DAMAGE,Grandmaster,Console,Asia,47.0,3.5,0.0
junkrat,Junkrat,DAMAGE,Grandmaster,Console,Asia,43.6,1.5,0.2
mei,Mei,DAMAGE,Grandmaster,Console,Asia,38.2,5.3,1.1
pharah,Pharah,DAMAGE,Grandmaster,Console,Asia,69.9,2.3,0.3
reaper,Reaper,DAMAGE,Grandmaster,Console,Asia,53.0,16.8,5.4
shion,Shion,DAMAGE,Grandmaster,Console,Asia,52.5,13.3,0.7
sierra,Sierra,DAMAGE,Grandmaster,Console,Asia,40.3,1.8,0.2
sojourn,Sojourn,DAMAGE,Grandmaster,Console,Asia,39.9,14.8,3.0
soldier-76,Soldier: 76,DAMAGE,Grandmaster,Console,Asia,46.5,9.9,11.2
sombra,Sombra,DAMAGE,Grandmaster,Console,Asia,47.2,7.6,38.5
symmetra,Symmetra,DAMAGE,Grandmaster,Console,Asia,50.2,3.4,0.9
torbjorn,Torbjörn,DAMAGE,Grandmaster,Console,Asia,42.7,5.6,0.4
tracer,Tracer,DAMAGE,Grandmaster,Console,Asia,56.9,35.9,21.0
vendetta,Vendetta,DAMAGE,Grandmaster,Console,Asia,44.5,3.8,1.6
venture,Venture,DAMAGE,Grandmaster,Console,Asia,37.0,1.6,0.3
widowmaker,Widowmaker,DAMAGE,Grandmaster,Console,Asia,51.0,6.2,18.1
